"2022/04/28","14:39:58",515.64,595.76
"",,,
0,,0,
1,,0,
2,,0,
3,,0,
4,,0,
5,,0,
6,,0,
7,,0,
8,,0,
9,,0,
10,,0,
11,,0,
12,,0,
13,,0,
14,,0,
15,,0,
16,,0,
17,,0,
18,,0,
19,,0,
20,,0,
21,,0,
22,,0,
23,,0,
24,,0,
25,,0,
26,,0,
27,,0,
28,,0,
29,,0,
30,,0,
31,,0,
32,,0,
33,,0,
34,,0,
35,,0,
36,,0,
37,,0,
38,,0,
39,,0,
40,,0,
41,,0,
42,,0,
43,,0,
44,10,10,
45,1199,1199,
46,1495,1495,
47,1504,1504,
48,1496,1496,
49,1495,1495,
50,1485,1485,
51,1477,1477,
52,1478,1478,
53,1488,1488,
54,1404,1404,
55,1386,1386,
56,1447,1447,
57,1444,1444,
58,1424,1424,
59,1457,1457,
60,1366,1366,
61,1415,1415,
62,1456,1456,
63,1420,1420,
64,1491,1491,
65,1399,1399,
66,1413,1413,
67,1438,1438,
68,1414,1414,
69,1467,1467,
70,1451,1451,
71,1458,1458,
72,1487,1487,
73,1494,1494,
74,1478,1478,
75,1491,1491,
76,1523,1523,
77,1466,1466,
78,1508,1508,
79,1470,1470,
80,1485,1485,
81,1485,1485,
82,1476,1476,
83,1446,1446,
84,1496,1496,
85,1471,1471,
86,1592,1592,
87,1562,1562,
88,1505,1505,
89,1543,1543,
90,1481,1481,
91,1523,1523,
92,1501,1501,
93,1512,1512,
94,1464,1464,
95,1528,1528,
96,1463,1463,
97,1472,1472,
98,1547,1547,
99,1586,1586,
100,1444,1444,
101,1474,1474,
102,1439,1439,
103,1446,1446,
104,1504,1504,
105,1479,1479,
106,1456,1456,
107,1514,1514,
108,1466,1466,
109,1438,1438,
110,1469,1469,
111,1503,1503,
112,1438,1438,
113,1464,1464,
114,1462,1462,
115,1416,1416,
116,1401,1401,
117,1425,1425,
118,1438,1438,
119,1412,1412,
120,1408,1408,
121,1355,1355,
122,1466,1466,
123,1353,1353,
124,1379,1379,
125,1371,1371,
126,1435,1435,
127,1384,1384,
128,1388,1388,
129,1340,1340,
130,1388,1388,
131,1393,1393,
132,1422,1422,
133,1323,1323,
134,1356,1356,
135,1368,1368,
136,1308,1308,
137,1383,1383,
138,1388,1388,
139,1388,1388,
140,1343,1343,
141,1360,1360,
142,1319,1319,
143,1358,1358,
144,1328,1328,
145,1401,1401,
146,1311,1311,
147,1328,1328,
148,1387,1387,
149,1255,1255,
150,1349,1349,
151,1364,1364,
152,1347,1347,
153,1275,1275,
154,1404,1404,
155,1278,1278,
156,1292,1292,
157,1341,1341,
158,1302,1302,
159,1303,1303,
160,1241,1241,
161,1364,1364,
162,1338,1338,
163,1289,1289,
164,1283,1283,
165,1241,1241,
166,1284,1284,
167,1221,1221,
168,1220,1220,
169,1293,1293,
170,1238,1238,
171,1257,1257,
172,1253,1253,
173,1296,1296,
174,1228,1228,
175,1271,1271,
176,1244,1244,
177,1262,1262,
178,1225,1225,
179,1224,1224,
180,1212,1212,
181,1210,1210,
182,1229,1229,
183,1180,1180,
184,1290,1290,
185,1242,1242,
186,1146,1146,
187,1201,1201,
188,1233,1233,
189,1205,1205,
190,1200,1200,
191,1193,1193,
192,1150,1150,
193,1199,1199,
194,1167,1167,
195,1189,1189,
196,1279,1279,
197,1156,1156,
198,1120,1120,
199,1180,1180,
200,1169,1169,
201,1122,1122,
202,1191,1191,
203,1126,1126,
204,1107,1107,
205,1129,1129,
206,1060,1060,
207,1084,1084,
208,1141,1141,
209,1142,1142,
210,1120,1120,
211,1107,1107,
212,1174,1174,
213,1105,1105,
214,1084,1084,
215,1106,1106,
216,1111,1111,
217,1130,1130,
218,1075,1075,
219,1059,1059,
220,1065,1065,
221,1086,1086,
222,1055,1055,
223,1087,1087,
224,1055,1055,
225,1067,1067,
226,1132,1132,
227,1094,1094,
228,1051,1051,
229,1089,1089,
230,1017,1017,
231,1109,1109,
232,1127,1127,
233,1083,1083,
234,1086,1086,
235,1075,1075,
236,1116,1116,
237,1049,1049,
238,1121,1121,
239,1038,1038,
240,1110,1110,
241,1111,1111,
242,1077,1077,
243,1103,1103,
244,1181,1181,
245,1140,1140,
246,1184,1184,
247,1185,1185,
248,1239,1239,
249,1214,1214,
250,1215,1215,
251,1202,1202,
252,1222,1222,
253,1227,1227,
254,1288,1288,
255,1278,1278,
256,1202,1202,
257,1217,1217,
258,1132,1132,
259,1163,1163,
260,1243,1243,
261,1228,1228,
262,1178,1178,
263,1247,1247,
264,1220,1220,
265,1222,1222,
266,1163,1163,
267,1157,1157,
268,1202,1202,
269,1228,1228,
270,1191,1191,
271,1230,1230,
272,1177,1177,
273,1193,1193,
274,1224,1224,
275,1229,1229,
276,1175,1175,
277,1249,1249,
278,1189,1189,
279,1254,1254,
280,1264,1264,
281,1247,1247,
282,1222,1222,
283,1189,1189,
284,1230,1230,
285,1132,1132,
286,1157,1157,
287,1157,1157,
288,1149,1149,
289,1161,1161,
290,1190,1190,
291,1171,1171,
292,1109,1109,
293,1066,1066,
294,1202,1202,
295,1146,1146,
296,1107,1107,
297,1087,1087,
298,1110,1110,
299,1151,1151,
300,1111,1111,
301,1138,1138,
302,1076,1076,
303,1059,1059,
304,1109,1109,
305,1092,1092,
306,1110,1110,
307,1074,1074,
308,1096,1096,
309,1045,1045,
310,1068,1068,
311,1101,1101,
312,1110,1110,
313,1069,1069,
314,1097,1097,
315,1076,1076,
316,1073,1073,
317,1084,1084,
318,1039,1039,
319,970,970,
320,1049,1049,
321,1068,1068,
322,1030,1030,
323,1071,1071,
324,1022,1022,
325,1005,1005,
326,993,993,
327,1022,1022,
328,1030,1030,
329,1055,1055,
330,1026,1026,
331,1055,1055,
332,995,995,
333,1017,1017,
334,1017,1017,
335,976,976,
336,992,992,
337,967,967,
338,957,957,
339,979,979,
340,976,976,
341,991,991,
342,949,949,
343,938,938,
344,946,946,
345,955,955,
346,959,959,
347,993,993,
348,1046,1046,
349,964,964,
350,951,951,
351,963,963,
352,980,980,
353,900,900,
354,965,965,
355,939,939,
356,967,967,
357,915,915,
358,940,940,
359,959,959,
360,878,878,
361,898,898,
362,906,906,
363,973,973,
364,985,985,
365,1107,1107,
366,1036,1036,
367,958,958,
368,923,923,
369,964,964,
370,913,913,
371,906,906,
372,919,919,
373,924,924,
374,923,923,
375,959,959,
376,905,905,
377,947,947,
378,937,937,
379,881,881,
380,897,897,
381,932,932,
382,866,866,
383,908,908,
384,911,911,
385,886,886,
386,895,895,
387,865,865,
388,862,862,
389,897,897,
390,862,862,
391,864,864,
392,819,819,
393,916,916,
394,944,944,
395,895,895,
396,848,848,
397,969,969,
398,892,892,
399,862,862,
400,841,841,
401,885,885,
402,862,862,
403,822,822,
404,847,847,
405,845,845,
406,839,839,
407,886,886,
408,873,873,
409,855,855,
410,855,855,
411,889,889,
412,882,882,
413,875,875,
414,928,928,
415,871,871,
416,816,816,
417,807,807,
418,878,878,
419,811,811,
420,798,798,
421,859,859,
422,797,797,
423,845,845,
424,847,847,
425,803,803,
426,824,824,
427,815,815,
428,817,817,
429,820,820,
430,833,833,
431,839,839,
432,781,781,
433,822,822,
434,848,848,
435,788,788,
436,837,837,
437,783,783,
438,807,807,
439,763,763,
440,858,858,
441,837,837,
442,825,825,
443,874,874,
444,802,802,
445,797,797,
446,756,756,
447,777,777,
448,802,802,
449,780,780,
450,797,797,
451,818,818,
452,846,846,
453,804,804,
454,751,751,
455,851,851,
456,766,766,
457,790,790,
458,747,747,
459,771,771,
460,814,814,
461,841,841,
462,816,816,
463,796,796,
464,799,799,
465,803,803,
466,762,762,
467,816,816,
468,753,753,
469,803,803,
470,791,791,
471,784,784,
472,769,769,
473,782,782,
474,800,800,
475,784,784,
476,769,769,
477,812,812,
478,761,761,
479,863,863,
480,769,769,
481,814,814,
482,793,793,
483,739,739,
484,784,784,
485,783,783,
486,723,723,
487,779,779,
488,831,831,
489,739,739,
490,777,777,
491,791,791,
492,754,754,
493,733,733,
494,743,743,
495,749,749,
496,829,829,
497,798,798,
498,781,781,
499,740,740,
500,781,781,
501,759,759,
502,757,757,
503,778,778,
504,782,782,
505,697,697,
506,797,797,
507,769,769,
508,770,770,
509,756,756,
510,748,748,
511,762,762,
512,775,775,
513,754,754,
514,718,718,
515,761,761,
516,782,782,
517,783,783,
518,726,726,
519,710,710,
520,750,750,
521,734,734,
522,755,755,
523,708,708,
524,794,794,
525,743,743,
526,798,798,
527,764,764,
528,745,745,
529,745,745,
530,769,769,
531,714,714,
532,783,783,
533,771,771,
534,776,776,
535,774,774,
536,695,695,
537,733,733,
538,729,729,
539,771,771,
540,721,721,
541,751,751,
542,697,697,
543,738,738,
544,690,690,
545,737,737,
546,716,716,
547,749,749,
548,800,800,
549,752,752,
550,738,738,
551,757,757,
552,771,771,
553,790,790,
554,765,765,
555,748,748,
556,694,694,
557,738,738,
558,752,752,
559,764,764,
560,721,721,
561,699,699,
562,682,682,
563,735,735,
564,724,724,
565,714,714,
566,696,696,
567,744,744,
568,707,707,
569,706,706,
570,742,742,
571,771,771,
572,739,739,
573,768,768,
574,773,773,
575,744,744,
576,691,691,
577,744,744,
578,741,741,
579,741,741,
580,711,711,
581,768,768,
582,763,763,
583,716,716,
584,703,703,
585,742,742,
586,707,707,
587,755,755,
588,718,718,
589,712,712,
590,707,707,
591,696,696,
592,773,773,
593,732,732,
594,731,731,
595,753,753,
596,748,748,
597,702,702,
598,722,722,
599,689,689,
600,695,695,
601,748,748,
602,731,731,
603,761,761,
604,762,762,
605,776,776,
606,723,723,
607,723,723,
608,716,716,
609,766,766,
610,753,753,
611,741,741,
612,733,733,
613,724,724,
614,737,737,
615,783,783,
616,793,793,
617,787,787,
618,687,687,
619,775,775,
620,680,680,
621,774,774,
622,731,731,
623,739,739,
624,801,801,
625,735,735,
626,688,688,
627,728,728,
628,751,751,
629,719,719,
630,729,729,
631,730,730,
632,761,761,
633,711,711,
634,695,695,
635,698,698,
636,726,726,
637,734,734,
638,713,713,
639,711,711,
640,754,754,
641,732,732,
642,725,725,
643,762,762,
644,731,731,
645,696,696,
646,750,750,
647,733,733,
648,740,740,
649,731,731,
650,732,732,
651,687,687,
652,710,710,
653,761,761,
654,741,741,
655,795,795,
656,732,732,
657,726,726,
658,714,714,
659,748,748,
660,736,736,
661,738,738,
662,710,710,
663,760,760,
664,722,722,
665,715,715,
666,769,769,
667,701,701,
668,745,745,
669,752,752,
670,707,707,
671,701,701,
672,733,733,
673,742,742,
674,683,683,
675,755,755,
676,749,749,
677,786,786,
678,739,739,
679,750,750,
680,777,777,
681,712,712,
682,718,718,
683,709,709,
684,754,754,
685,743,743,
686,720,720,
687,745,745,
688,759,759,
689,785,785,
690,722,722,
691,784,784,
692,728,728,
693,699,699,
694,724,724,
695,700,700,
696,728,728,
697,728,728,
698,720,720,
699,701,701,
700,749,749,
701,716,716,
702,701,701,
703,711,711,
704,698,698,
705,697,697,
706,733,733,
707,706,706,
708,759,759,
709,696,696,
710,758,758,
711,725,725,
712,756,756,
713,788,788,
714,746,746,
715,732,732,
716,722,722,
717,712,712,
718,682,682,
719,728,728,
720,755,755,
721,744,744,
722,776,776,
723,737,737,
724,705,705,
725,718,718,
726,759,759,
727,678,678,
728,676,676,
729,742,742,
730,695,695,
731,744,744,
732,737,737,
733,690,690,
734,798,798,
735,723,723,
736,753,753,
737,753,753,
738,732,732,
739,775,775,
740,771,771,
741,724,724,
742,750,750,
743,759,759,
744,689,689,
745,742,742,
746,754,754,
747,704,704,
748,748,748,
749,772,772,
750,701,701,
751,773,773,
752,741,741,
753,724,724,
754,731,731,
755,736,736,
756,797,797,
757,698,698,
758,752,752,
759,714,714,
760,742,742,
761,757,757,
762,731,731,
763,730,730,
764,758,758,
765,736,736,
766,687,687,
767,735,735,
768,792,792,
769,766,766,
770,726,726,
771,764,764,
772,758,758,
773,750,750,
774,791,791,
775,794,794,
776,772,772,
777,722,722,
778,747,747,
779,769,769,
780,712,712,
781,744,744,
782,744,744,
783,778,778,
784,713,713,
785,806,806,
786,740,740,
787,707,707,
788,742,742,
789,814,814,
790,788,788,
791,768,768,
792,793,793,
793,762,762,
794,751,751,
795,725,725,
796,764,764,
797,718,718,
798,738,738,
799,731,731,
800,770,770,
801,746,746,
802,764,764,
803,726,726,
804,737,737,
805,780,780,
806,728,728,
807,785,785,
808,741,741,
809,821,821,
810,758,758,
811,737,737,
812,762,762,
813,733,733,
814,768,768,
815,789,789,
816,804,804,
817,744,744,
818,809,809,
819,715,715,
820,807,807,
821,762,762,
822,765,765,
823,745,745,
824,766,766,
825,784,784,
826,797,797,
827,750,750,
828,783,783,
829,789,789,
830,765,765,
831,803,803,
832,819,819,
833,766,766,
834,770,770,
835,748,748,
836,754,754,
837,747,747,
838,745,745,
839,760,760,
840,790,790,
841,765,765,
842,729,729,
843,742,742,
844,763,763,
845,855,855,
846,801,801,
847,799,799,
848,752,752,
849,732,732,
850,792,792,
851,793,793,
852,796,796,
853,747,747,
854,833,833,
855,814,814,
856,809,809,
857,831,831,
858,774,774,
859,754,754,
860,808,808,
861,766,766,
862,794,794,
863,810,810,
864,803,803,
865,760,760,
866,791,791,
867,793,793,
868,806,806,
869,803,803,
870,814,814,
871,759,759,
872,794,794,
873,782,782,
874,809,809,
875,796,796,
876,838,838,
877,785,785,
878,798,798,
879,767,767,
880,775,775,
881,831,831,
882,840,840,
883,778,778,
884,747,747,
885,839,839,
886,816,816,
887,803,803,
888,772,772,
889,855,855,
890,811,811,
891,849,849,
892,829,829,
893,824,824,
894,831,831,
895,870,870,
896,781,781,
897,791,791,
898,793,793,
899,799,799,
900,838,838,
901,778,778,
902,780,780,
903,841,841,
904,823,823,
905,813,813,
906,823,823,
907,812,812,
908,850,850,
909,810,810,
910,848,848,
911,812,812,
912,877,877,
913,834,834,
914,808,808,
915,824,824,
916,832,832,
917,818,818,
918,799,799,
919,838,838,
920,809,809,
921,773,773,
922,823,823,
923,828,828,
924,870,870,
925,858,858,
926,847,847,
927,886,886,
928,842,842,
929,818,818,
930,840,840,
931,835,835,
932,901,901,
933,871,871,
934,832,832,
935,882,882,
936,844,844,
937,830,830,
938,837,837,
939,827,827,
940,848,848,
941,940,940,
942,871,871,
943,834,834,
944,915,915,
945,812,812,
946,889,889,
947,839,839,
948,918,918,
949,895,895,
950,895,895,
951,871,871,
952,910,910,
953,930,930,
954,916,916,
955,846,846,
956,857,857,
957,861,861,
958,885,885,
959,843,843,
960,974,974,
961,906,906,
962,900,900,
963,909,909,
964,844,844,
965,936,936,
966,910,910,
967,899,899,
968,896,896,
969,878,878,
970,918,918,
971,958,958,
972,876,876,
973,970,970,
974,932,932,
975,992,992,
976,930,930,
977,890,890,
978,885,885,
979,981,981,
980,954,954,
981,877,877,
982,913,913,
983,910,910,
984,944,944,
985,861,861,
986,981,981,
987,922,922,
988,934,934,
989,868,868,
990,871,871,
991,919,919,
992,1012,1012,
993,929,929,
994,977,977,
995,981,981,
996,903,903,
997,1007,1007,
998,951,951,
999,973,973,
1000,920,920,
1001,936,936,
1002,993,993,
1003,985,985,
1004,1003,1003,
1005,939,939,
1006,976,976,
1007,953,953,
1008,984,984,
1009,963,963,
1010,954,954,
1011,958,958,
1012,968,968,
1013,1048,1048,
1014,1010,1010,
1015,1003,1003,
1016,966,966,
1017,1030,1030,
1018,1010,1010,
1019,982,982,
1020,997,997,
1021,974,974,
1022,972,972,
1023,1030,1030,
1024,960,960,
1025,1018,1018,
1026,1032,1032,
1027,1005,1005,
1028,1004,1004,
1029,970,970,
1030,1052,1052,
1031,1052,1052,
1032,1004,1004,
1033,1059,1059,
1034,1015,1015,
1035,1113,1113,
1036,1086,1086,
1037,1043,1043,
1038,1083,1083,
1039,1068,1068,
1040,1032,1032,
1041,1003,1003,
1042,1039,1039,
1043,1099,1099,
1044,1039,1039,
1045,1063,1063,
1046,1056,1056,
1047,983,983,
1048,1094,1094,
1049,1072,1072,
1050,1138,1138,
1051,1088,1088,
1052,1072,1072,
1053,1050,1050,
1054,1083,1083,
1055,1086,1086,
1056,1053,1053,
1057,1106,1106,
1058,1086,1086,
1059,1102,1102,
1060,1183,1183,
1061,1098,1098,
1062,1124,1124,
1063,1124,1124,
1064,1165,1165,
1065,1086,1086,
1066,1186,1186,
1067,1181,1181,
1068,1154,1154,
1069,1104,1104,
1070,1114,1114,
1071,1108,1108,
1072,1098,1098,
1073,1115,1115,
1074,1092,1092,
1075,1112,1112,
1076,1146,1146,
1077,1134,1134,
1078,1168,1168,
1079,1095,1095,
1080,1189,1189,
1081,1158,1158,
1082,1138,1138,
1083,1209,1209,
1084,1180,1180,
1085,1169,1169,
1086,1184,1184,
1087,1180,1180,
1088,1131,1131,
1089,1210,1210,
1090,1231,1231,
1091,1226,1226,
1092,1221,1221,
1093,1263,1263,
1094,1242,1242,
1095,1228,1228,
1096,1249,1249,
1097,1266,1266,
1098,1227,1227,
1099,1282,1282,
1100,1283,1283,
1101,1278,1278,
1102,1277,1277,
1103,1243,1243,
1104,1217,1217,
1105,1304,1304,
1106,1329,1329,
1107,1293,1293,
1108,1333,1333,
1109,1265,1265,
1110,1357,1357,
1111,1333,1333,
1112,1312,1312,
1113,1325,1325,
1114,1342,1342,
1115,1293,1293,
1116,1326,1326,
1117,1335,1335,
1118,1316,1316,
1119,1312,1312,
1120,1340,1340,
1121,1338,1338,
1122,1277,1277,
1123,1297,1297,
1124,1376,1376,
1125,1268,1268,
1126,1313,1313,
1127,1349,1349,
1128,1335,1335,
1129,1379,1379,
1130,1371,1371,
1131,1323,1323,
1132,1385,1385,
1133,1364,1364,
1134,1386,1386,
1135,1301,1301,
1136,1395,1395,
1137,1329,1329,
1138,1373,1373,
1139,1316,1316,
1140,1308,1308,
1141,1285,1285,
1142,1249,1249,
1143,1217,1217,
1144,1256,1256,
1145,1138,1138,
1146,1133,1133,
1147,1161,1161,
1148,1105,1105,
1149,1032,1032,
1150,1020,1020,
1151,1042,1042,
1152,1021,1021,
1153,1043,1043,
1154,1000,1000,
1155,1015,1015,
1156,989,989,
1157,993,993,
1158,1018,1018,
1159,1014,1014,
1160,988,988,
1161,928,928,
1162,951,951,
1163,940,940,
1164,941,941,
1165,1029,1029,
1166,961,961,
1167,1014,1014,
1168,969,969,
1169,977,977,
1170,972,972,
1171,941,941,
1172,987,987,
1173,942,942,
1174,881,881,
1175,947,947,
1176,984,984,
1177,941,941,
1178,952,952,
1179,1003,1003,
1180,951,951,
1181,1038,1038,
1182,914,914,
1183,960,960,
1184,968,968,
1185,941,941,
1186,878,878,
1187,885,885,
1188,932,932,
1189,924,924,
1190,927,927,
1191,948,948,
1192,920,920,
1193,949,949,
1194,901,901,
1195,951,951,
1196,918,918,
1197,860,860,
1198,906,906,
1199,973,973,
1200,992,992,
1201,937,937,
1202,909,909,
1203,892,892,
1204,900,900,
1205,900,900,
1206,931,931,
1207,918,918,
1208,927,927,
1209,905,905,
1210,897,897,
1211,965,965,
1212,953,953,
1213,978,978,
1214,880,880,
1215,925,925,
1216,923,923,
1217,951,951,
1218,884,884,
1219,879,879,
1220,933,933,
1221,902,902,
1222,937,937,
1223,942,942,
1224,852,852,
1225,871,871,
1226,901,901,
1227,922,922,
1228,898,898,
1229,893,893,
1230,914,914,
1231,902,902,
1232,863,863,
1233,840,840,
1234,916,916,
1235,845,845,
1236,862,862,
1237,910,910,
1238,904,904,
1239,831,831,
1240,832,832,
1241,883,883,
1242,855,855,
1243,899,899,
1244,912,912,
1245,915,915,
1246,850,850,
1247,886,886,
1248,952,952,
1249,867,867,
1250,866,866,
1251,845,845,
1252,879,879,
1253,854,854,
1254,867,867,
1255,871,871,
1256,872,872,
1257,817,817,
1258,807,807,
1259,820,820,
1260,899,899,
1261,858,858,
1262,865,865,
1263,857,857,
1264,863,863,
1265,818,818,
1266,849,849,
1267,846,846,
1268,834,834,
1269,856,856,
1270,830,830,
1271,879,879,
1272,877,877,
1273,853,853,
1274,806,806,
1275,862,862,
1276,861,861,
1277,876,876,
1278,907,907,
1279,832,832,
1280,815,815,
1281,878,878,
1282,848,848,
1283,856,856,
1284,863,863,
1285,869,869,
1286,857,857,
1287,870,870,
1288,880,880,
1289,894,894,
1290,896,896,
1291,841,841,
1292,830,830,
1293,892,892,
1294,871,871,
1295,863,863,
1296,867,867,
1297,911,911,
1298,858,858,
1299,911,911,
1300,898,898,
1301,914,914,
1302,877,877,
1303,917,917,
1304,937,937,
1305,931,931,
1306,909,909,
1307,945,945,
1308,917,917,
1309,897,897,
1310,891,891,
1311,876,876,
1312,863,863,
1313,931,931,
1314,937,937,
1315,871,871,
1316,848,848,
1317,901,901,
1318,846,846,
1319,893,893,
1320,872,872,
1321,901,901,
1322,882,882,
1323,885,885,
1324,830,830,
1325,780,780,
1326,811,811,
1327,763,763,
1328,723,723,
1329,726,726,
1330,735,735,
1331,710,710,
1332,619,619,
1333,615,615,
1334,611,611,
1335,605,605,
1336,618,618,
1337,559,559,
1338,597,597,
1339,565,565,
1340,559,559,
1341,596,596,
1342,562,562,
1343,567,567,
1344,545,545,
1345,578,578,
1346,580,580,
1347,541,541,
1348,547,547,
1349,532,532,
1350,500,500,
1351,509,509,
1352,538,538,
1353,514,514,
1354,546,546,
1355,544,544,
1356,481,481,
1357,506,506,
1358,498,498,
1359,538,538,
1360,533,533,
1361,500,500,
1362,493,493,
1363,489,489,
1364,482,482,
1365,514,514,
1366,514,514,
1367,476,476,
1368,524,524,
1369,505,505,
1370,515,515,
1371,495,495,
1372,499,499,
1373,515,515,
1374,509,509,
1375,517,517,
1376,506,506,
1377,558,558,
1378,551,551,
1379,593,593,
1380,668,668,
1381,629,629,
1382,678,678,
1383,745,745,
1384,705,705,
1385,785,785,
1386,811,811,
1387,920,920,
1388,1178,1178,
1389,1660,1660,
1390,3059,3059,
1391,6466,6466,
1392,12769,12769,
1393,18555,18555,
1394,17788,17788,
1395,10473,10473,
1396,4452,4452,
1397,1805,1805,
1398,853,853,
1399,605,605,
1400,508,508,
1401,452,452,
1402,439,439,
1403,412,412,
1404,432,432,
1405,409,409,
1406,411,411,
1407,397,397,
1408,394,394,
1409,418,418,
1410,378,378,
1411,395,395,
1412,398,398,
1413,380,380,
1414,386,386,
1415,347,347,
1416,355,355,
1417,336,336,
1418,352,352,
1419,326,326,
1420,323,323,
1421,336,336,
1422,332,332,
1423,307,307,
1424,336,336,
1425,304,304,
1426,326,326,
1427,291,291,
1428,316,316,
1429,299,299,
1430,281,281,
1431,273,273,
1432,280,280,
1433,282,282,
1434,285,285,
1435,265,265,
1436,296,296,
1437,268,268,
1438,270,270,
1439,239,239,
1440,272,272,
1441,245,245,
1442,257,257,
1443,250,250,
1444,210,210,
1445,228,228,
1446,222,222,
1447,220,220,
1448,229,229,
1449,239,239,
1450,236,236,
1451,208,208,
1452,204,204,
1453,188,188,
1454,228,228,
1455,190,190,
1456,198,198,
1457,216,216,
1458,189,189,
1459,192,192,
1460,189,189,
1461,184,184,
1462,193,193,
1463,185,185,
1464,197,197,
1465,182,182,
1466,168,168,
1467,181,181,
1468,189,189,
1469,176,176,
1470,158,158,
1471,183,183,
1472,165,165,
1473,175,175,
1474,205,205,
1475,161,161,
1476,163,163,
1477,171,171,
1478,167,167,
1479,177,177,
1480,174,174,
1481,152,152,
1482,154,154,
1483,143,143,
1484,168,168,
1485,148,148,
1486,167,167,
1487,137,137,
1488,150,150,
1489,148,148,
1490,157,157,
1491,146,146,
1492,150,150,
1493,132,132,
1494,142,142,
1495,149,149,
1496,126,126,
1497,139,139,
1498,143,143,
1499,151,151,
1500,115,115,
1501,133,133,
1502,138,138,
1503,136,136,
1504,144,144,
1505,138,138,
1506,135,135,
1507,149,149,
1508,132,132,
1509,145,145,
1510,125,125,
1511,148,148,
1512,112,112,
1513,132,132,
1514,147,147,
1515,145,145,
1516,122,122,
1517,143,143,
1518,138,138,
1519,141,141,
1520,132,132,
1521,138,138,
1522,149,149,
1523,113,113,
1524,129,129,
1525,135,135,
1526,159,159,
1527,140,140,
1528,140,140,
1529,115,115,
1530,136,136,
1531,136,136,
1532,134,134,
1533,129,129,
1534,142,142,
1535,141,141,
1536,135,135,
1537,120,120,
1538,142,142,
1539,128,128,
1540,107,107,
1541,121,121,
1542,115,115,
1543,135,135,
1544,123,123,
1545,142,142,
1546,129,129,
1547,120,120,
1548,134,134,
1549,126,126,
1550,126,126,
1551,136,136,
1552,113,113,
1553,132,132,
1554,124,124,
1555,122,122,
1556,128,128,
1557,134,134,
1558,127,127,
1559,137,137,
1560,142,142,
1561,147,147,
1562,146,146,
1563,148,148,
1564,148,148,
1565,146,146,
1566,161,161,
1567,193,193,
1568,203,203,
1569,244,244,
1570,240,240,
1571,272,272,
1572,335,335,
1573,351,351,
1574,400,400,
1575,431,431,
1576,486,486,
1577,599,599,
1578,897,897,
1579,1563,1563,
1580,3087,3087,
1581,6334,6334,
1582,11320,11320,
1583,15661,15661,
1584,14091,14091,
1585,8057,8057,
1586,3376,3376,
1587,1199,1199,
1588,494,494,
1589,220,220,
1590,182,182,
1591,164,164,
1592,135,135,
1593,134,134,
1594,150,150,
1595,135,135,
1596,125,125,
1597,145,145,
1598,115,115,
1599,107,107,
1600,93,93,
1601,107,107,
1602,104,104,
1603,126,126,
1604,103,103,
1605,102,102,
1606,103,103,
1607,88,88,
1608,91,91,
1609,95,95,
1610,94,94,
1611,94,94,
1612,88,88,
1613,84,84,
1614,92,92,
1615,89,89,
1616,84,84,
1617,90,90,
1618,80,80,
1619,83,83,
1620,68,68,
1621,77,77,
1622,95,95,
1623,87,87,
1624,80,80,
1625,95,95,
1626,72,72,
1627,64,64,
1628,80,80,
1629,87,87,
1630,84,84,
1631,85,85,
1632,78,78,
1633,75,75,
1634,70,70,
1635,83,83,
1636,82,82,
1637,83,83,
1638,79,79,
1639,77,77,
1640,82,82,
1641,90,90,
1642,84,84,
1643,83,83,
1644,65,65,
1645,103,103,
1646,76,76,
1647,70,70,
1648,68,68,
1649,74,74,
1650,73,73,
1651,69,69,
1652,72,72,
1653,71,71,
1654,78,78,
1655,80,80,
1656,77,77,
1657,77,77,
1658,69,69,
1659,65,65,
1660,82,82,
1661,69,69,
1662,55,55,
1663,80,80,
1664,70,70,
1665,60,60,
1666,83,83,
1667,75,75,
1668,63,63,
1669,68,68,
1670,82,82,
1671,73,73,
1672,69,69,
1673,59,59,
1674,76,76,
1675,64,64,
1676,69,69,
1677,76,76,
1678,57,57,
1679,81,81,
1680,76,76,
1681,68,68,
1682,55,55,
1683,84,84,
1684,58,58,
1685,61,61,
1686,62,62,
1687,63,63,
1688,78,78,
1689,76,76,
1690,59,59,
1691,75,75,
1692,56,56,
1693,76,76,
1694,52,52,
1695,68,68,
1696,54,54,
1697,44,44,
1698,62,62,
1699,74,74,
1700,76,76,
1701,60,60,
1702,67,67,
1703,66,66,
1704,73,73,
1705,58,58,
1706,47,47,
1707,69,69,
1708,68,68,
1709,54,54,
1710,62,62,
1711,68,68,
1712,71,71,
1713,66,66,
1714,70,70,
1715,70,70,
1716,78,78,
1717,61,61,
1718,57,57,
1719,53,53,
1720,65,65,
1721,64,64,
1722,64,64,
1723,61,61,
1724,69,69,
1725,54,54,
1726,65,65,
1727,54,54,
1728,70,70,
1729,67,67,
1730,64,64,
1731,75,75,
1732,69,69,
1733,68,68,
1734,124,124,
1735,151,151,
1736,207,207,
1737,175,175,
1738,129,129,
1739,100,100,
1740,73,73,
1741,65,65,
1742,65,65,
1743,46,46,
1744,79,79,
1745,60,60,
1746,67,67,
1747,77,77,
1748,72,72,
1749,57,57,
1750,59,59,
1751,66,66,
1752,56,56,
1753,67,67,
1754,57,57,
1755,53,53,
1756,64,64,
1757,61,61,
1758,66,66,
1759,58,58,
1760,58,58,
1761,55,55,
1762,57,57,
1763,60,60,
1764,57,57,
1765,66,66,
1766,70,70,
1767,67,67,
1768,61,61,
1769,61,61,
1770,57,57,
1771,55,55,
1772,64,64,
1773,42,42,
1774,65,65,
1775,57,57,
1776,57,57,
1777,57,57,
1778,54,54,
1779,61,61,
1780,51,51,
1781,59,59,
1782,52,52,
1783,61,61,
1784,66,66,
1785,56,56,
1786,60,60,
1787,67,67,
1788,58,58,
1789,66,66,
1790,58,58,
1791,68,68,
1792,62,62,
1793,59,59,
1794,47,47,
1795,56,56,
1796,60,60,
1797,43,43,
1798,56,56,
1799,67,67,
1800,69,69,
1801,45,45,
1802,66,66,
1803,52,52,
1804,47,47,
1805,57,57,
1806,52,52,
1807,50,50,
1808,56,56,
1809,55,55,
1810,60,60,
1811,54,54,
1812,44,44,
1813,46,46,
1814,58,58,
1815,44,44,
1816,61,61,
1817,53,53,
1818,59,59,
1819,64,64,
1820,39,39,
1821,43,43,
1822,56,56,
1823,56,56,
1824,56,56,
1825,61,61,
1826,69,69,
1827,62,62,
1828,60,60,
1829,62,62,
1830,50,50,
1831,56,56,
1832,49,49,
1833,55,55,
1834,63,63,
1835,48,48,
1836,49,49,
1837,54,54,
1838,51,51,
1839,47,47,
1840,49,49,
1841,47,47,
1842,67,67,
1843,55,55,
1844,43,43,
1845,51,51,
1846,51,51,
1847,65,65,
1848,44,44,
1849,43,43,
1850,54,54,
1851,45,45,
1852,60,60,
1853,54,54,
1854,46,46,
1855,54,54,
1856,62,62,
1857,44,44,
1858,41,41,
1859,59,59,
1860,46,46,
1861,42,42,
1862,39,39,
1863,58,58,
1864,62,62,
1865,56,56,
1866,50,50,
1867,37,37,
1868,60,60,
1869,56,56,
1870,59,59,
1871,53,53,
1872,54,54,
1873,56,56,
1874,59,59,
1875,45,45,
1876,60,60,
1877,54,54,
1878,47,47,
1879,59,59,
1880,43,43,
1881,48,48,
1882,57,57,
1883,44,44,
1884,62,62,
1885,66,66,
1886,45,45,
1887,53,53,
1888,55,55,
1889,55,55,
1890,54,54,
1891,49,49,
1892,45,45,
1893,58,58,
1894,49,49,
1895,49,49,
1896,52,52,
1897,51,51,
1898,54,54,
1899,54,54,
1900,49,49,
1901,40,40,
1902,48,48,
1903,43,43,
1904,62,62,
1905,59,59,
1906,53,53,
1907,58,58,
1908,41,41,
1909,45,45,
1910,57,57,
1911,45,45,
1912,57,57,
1913,42,42,
1914,48,48,
1915,42,42,
1916,52,52,
1917,45,45,
1918,48,48,
1919,42,42,
1920,42,42,
1921,54,54,
1922,59,59,
1923,48,48,
1924,33,33,
1925,60,60,
1926,47,47,
1927,60,60,
1928,49,49,
1929,45,45,
1930,46,46,
1931,51,51,
1932,41,41,
1933,53,53,
1934,41,41,
1935,53,53,
1936,49,49,
1937,43,43,
1938,59,59,
1939,49,49,
1940,37,37,
1941,50,50,
1942,66,66,
1943,49,49,
1944,64,64,
1945,53,53,
1946,53,53,
1947,54,54,
1948,56,56,
1949,49,49,
1950,60,60,
1951,46,46,
1952,57,57,
1953,43,43,
1954,44,44,
1955,33,33,
1956,47,47,
1957,37,37,
1958,47,47,
1959,55,55,
1960,44,44,
1961,49,49,
1962,51,51,
1963,47,47,
1964,49,49,
1965,39,39,
1966,49,49,
1967,54,54,
1968,58,58,
1969,36,36,
1970,41,41,
1971,54,54,
1972,40,40,
1973,38,38,
1974,40,40,
1975,53,53,
1976,31,31,
1977,50,50,
1978,55,55,
1979,37,37,
1980,47,47,
1981,42,42,
1982,40,40,
1983,42,42,
1984,49,49,
1985,33,33,
1986,56,56,
1987,38,38,
1988,40,40,
1989,40,40,
1990,46,46,
1991,44,44,
1992,56,56,
1993,38,38,
1994,37,37,
1995,44,44,
1996,43,43,
1997,35,35,
1998,50,50,
1999,43,43,
2000,47,47,
2001,36,36,
2002,40,40,
2003,48,48,
2004,40,40,
2005,42,42,
2006,39,39,
2007,40,40,
2008,43,43,
2009,46,46,
2010,44,44,
2011,48,48,
2012,42,42,
2013,27,27,
2014,56,56,
2015,46,46,
2016,40,40,
2017,61,61,
2018,58,58,
2019,38,38,
2020,43,43,
2021,47,47,
2022,35,35,
2023,37,37,
2024,36,36,
2025,39,39,
2026,43,43,
2027,40,40,
2028,42,42,
2029,41,41,
2030,49,49,
2031,51,51,
2032,40,40,
2033,40,40,
2034,33,33,
2035,53,53,
2036,50,50,
2037,34,34,
2038,48,48,
2039,42,42,
2040,29,29,
2041,32,32,
2042,48,48,
2043,30,30,
2044,39,39,
2045,50,50,
2046,41,41,
2047,46,46,
2048,41,41,
2049,37,37,
2050,48,48,
2051,40,40,
2052,48,48,
2053,38,38,
2054,44,44,
2055,39,39,
2056,37,37,
2057,58,58,
2058,46,46,
2059,50,50,
2060,44,44,
2061,38,38,
2062,45,45,
2063,35,35,
2064,48,48,
2065,33,33,
2066,39,39,
2067,46,46,
2068,45,45,
2069,40,40,
2070,39,39,
2071,46,46,
2072,40,40,
2073,45,45,
2074,43,43,
2075,36,36,
2076,48,48,
2077,47,47,
2078,44,44,
2079,41,41,
2080,34,34,
2081,30,30,
2082,45,45,
2083,30,30,
2084,48,48,
2085,32,32,
2086,24,24,
2087,36,36,
2088,45,45,
2089,54,54,
2090,42,42,
2091,45,45,
2092,42,42,
2093,34,34,
2094,43,43,
2095,44,44,
2096,39,39,
2097,39,39,
2098,37,37,
2099,50,50,
2100,29,29,
2101,53,53,
2102,39,39,
2103,37,37,
2104,40,40,
2105,47,47,
2106,42,42,
2107,37,37,
2108,43,43,
2109,43,43,
2110,39,39,
2111,44,44,
2112,42,42,
2113,43,43,
2114,42,42,
2115,33,33,
2116,34,34,
2117,39,39,
2118,46,46,
2119,45,45,
2120,36,36,
2121,41,41,
2122,44,44,
2123,38,38,
2124,35,35,
2125,48,48,
2126,46,46,
2127,40,40,
2128,41,41,
2129,44,44,
2130,28,28,
2131,46,46,
2132,32,32,
2133,43,43,
2134,45,45,
2135,39,39,
2136,36,36,
2137,39,39,
2138,49,49,
2139,35,35,
2140,44,44,
2141,40,40,
2142,37,37,
2143,31,31,
2144,26,26,
2145,39,39,
2146,34,34,
2147,33,33,
2148,50,50,
2149,47,47,
2150,36,36,
2151,31,31,
2152,44,44,
2153,34,34,
2154,37,37,
2155,34,34,
2156,35,35,
2157,37,37,
2158,39,39,
2159,49,49,
2160,33,33,
2161,47,47,
2162,45,45,
2163,44,44,
2164,30,30,
2165,46,46,
2166,37,37,
2167,33,33,
2168,34,34,
2169,42,42,
2170,28,28,
2171,28,28,
2172,30,30,
2173,43,43,
2174,40,40,
2175,33,33,
2176,40,40,
2177,42,42,
2178,43,43,
2179,36,36,
2180,32,32,
2181,31,31,
2182,35,35,
2183,32,32,
2184,40,40,
2185,38,38,
2186,44,44,
2187,32,32,
2188,35,35,
2189,39,39,
2190,35,35,
2191,43,43,
2192,40,40,
2193,35,35,
2194,26,26,
2195,25,25,
2196,37,37,
2197,40,40,
2198,34,34,
2199,37,37,
2200,32,32,
2201,34,34,
2202,45,45,
2203,32,32,
2204,42,42,
2205,43,43,
2206,36,36,
2207,37,37,
2208,42,42,
2209,31,31,
2210,36,36,
2211,42,42,
2212,54,54,
2213,35,35,
2214,34,34,
2215,39,39,
2216,34,34,
2217,32,32,
2218,38,38,
2219,43,43,
2220,35,35,
2221,39,39,
2222,36,36,
2223,41,41,
2224,37,37,
2225,34,34,
2226,26,26,
2227,35,35,
2228,49,49,
2229,39,39,
2230,29,29,
2231,36,36,
2232,44,44,
2233,42,42,
2234,34,34,
2235,27,27,
2236,27,27,
2237,39,39,
2238,45,45,
2239,39,39,
2240,48,48,
2241,32,32,
2242,42,42,
2243,40,40,
2244,46,46,
2245,45,45,
2246,43,43,
2247,43,43,
2248,29,29,
2249,41,41,
2250,26,26,
2251,34,34,
2252,38,38,
2253,39,39,
2254,33,33,
2255,28,28,
2256,36,36,
2257,24,24,
2258,30,30,
2259,43,43,
2260,30,30,
2261,27,27,
2262,32,32,
2263,46,46,
2264,38,38,
2265,36,36,
2266,35,35,
2267,32,32,
2268,43,43,
2269,27,27,
2270,25,25,
2271,49,49,
2272,38,38,
2273,48,48,
2274,45,45,
2275,25,25,
2276,39,39,
2277,35,35,
2278,32,32,
2279,30,30,
2280,36,36,
2281,32,32,
2282,28,28,
2283,35,35,
2284,39,39,
2285,39,39,
2286,38,38,
2287,31,31,
2288,19,19,
2289,42,42,
2290,33,33,
2291,35,35,
2292,41,41,
2293,37,37,
2294,29,29,
2295,28,28,
2296,52,52,
2297,37,37,
2298,33,33,
2299,38,38,
2300,31,31,
2301,27,27,
2302,44,44,
2303,40,40,
2304,29,29,
2305,31,31,
2306,51,51,
2307,31,31,
2308,27,27,
2309,36,36,
2310,41,41,
2311,40,40,
2312,29,29,
2313,29,29,
2314,37,37,
2315,33,33,
2316,35,35,
2317,29,29,
2318,33,33,
2319,37,37,
2320,39,39,
2321,28,28,
2322,33,33,
2323,29,29,
2324,28,28,
2325,20,20,
2326,37,37,
2327,37,37,
2328,31,31,
2329,31,31,
2330,37,37,
2331,36,36,
2332,31,31,
2333,37,37,
2334,39,39,
2335,36,36,
2336,22,22,
2337,32,32,
2338,30,30,
2339,27,27,
2340,32,32,
2341,32,32,
2342,32,32,
2343,31,31,
2344,41,41,
2345,28,28,
2346,40,40,
2347,36,36,
2348,35,35,
2349,28,28,
2350,22,22,
2351,27,27,
2352,37,37,
2353,32,32,
2354,46,46,
2355,27,27,
2356,35,35,
2357,28,28,
2358,23,23,
2359,40,40,
2360,31,31,
2361,34,34,
2362,39,39,
2363,29,29,
2364,40,40,
2365,35,35,
2366,28,28,
2367,39,39,
2368,24,24,
2369,33,33,
2370,29,29,
2371,35,35,
2372,30,30,
2373,38,38,
2374,38,38,
2375,25,25,
2376,31,31,
2377,35,35,
2378,27,27,
2379,29,29,
2380,35,35,
2381,40,40,
2382,31,31,
2383,35,35,
2384,36,36,
2385,27,27,
2386,42,42,
2387,19,19,
2388,41,41,
2389,35,35,
2390,37,37,
2391,34,34,
2392,21,21,
2393,29,29,
2394,38,38,
2395,23,23,
2396,29,29,
2397,29,29,
2398,30,30,
2399,32,32,
2400,36,36,
2401,27,27,
2402,41,41,
2403,33,33,
2404,25,25,
2405,34,34,
2406,45,45,
2407,26,26,
2408,43,43,
2409,31,31,
2410,29,29,
2411,30,30,
2412,26,26,
2413,27,27,
2414,51,51,
2415,36,36,
2416,20,20,
2417,25,25,
2418,28,28,
2419,41,41,
2420,42,42,
2421,27,27,
2422,30,30,
2423,29,29,
2424,32,32,
2425,29,29,
2426,43,43,
2427,30,30,
2428,33,33,
2429,25,25,
2430,34,34,
2431,29,29,
2432,30,30,
2433,28,28,
2434,28,28,
2435,34,34,
2436,30,30,
2437,35,35,
2438,32,32,
2439,27,27,
2440,35,35,
2441,38,38,
2442,19,19,
2443,30,30,
2444,40,40,
2445,26,26,
2446,28,28,
2447,36,36,
2448,30,30,
2449,23,23,
2450,26,26,
2451,23,23,
2452,26,26,
2453,29,29,
2454,34,34,
2455,33,33,
2456,25,25,
2457,28,28,
2458,22,22,
2459,22,22,
2460,24,24,
2461,27,27,
2462,27,27,
2463,28,28,
2464,24,24,
2465,24,24,
2466,34,34,
2467,33,33,
2468,21,21,
2469,20,20,
2470,32,32,
2471,24,24,
2472,27,27,
2473,33,33,
2474,27,27,
2475,24,24,
2476,23,23,
2477,32,32,
2478,34,34,
2479,19,19,
2480,34,34,
2481,28,28,
2482,25,25,
2483,39,39,
2484,17,17,
2485,36,36,
2486,19,19,
2487,20,20,
2488,42,42,
2489,20,20,
2490,31,31,
2491,22,22,
2492,18,18,
2493,25,25,
2494,11,11,
2495,25,25,
2496,23,23,
2497,27,27,
2498,24,24,
2499,30,30,
2500,24,24,
2501,35,35,
2502,26,26,
2503,31,31,
2504,26,26,
2505,24,24,
2506,21,21,
2507,22,22,
2508,22,22,
2509,33,33,
2510,16,16,
2511,24,24,
2512,18,18,
2513,26,26,
2514,16,16,
2515,27,27,
2516,19,19,
2517,33,33,
2518,23,23,
2519,18,18,
2520,26,26,
2521,28,28,
2522,14,14,
2523,25,25,
2524,22,22,
2525,25,25,
2526,19,19,
2527,28,28,
2528,31,31,
2529,24,24,
2530,24,24,
2531,29,29,
2532,27,27,
2533,33,33,
2534,22,22,
2535,32,32,
2536,18,18,
2537,31,31,
2538,23,23,
2539,27,27,
2540,25,25,
2541,27,27,
2542,22,22,
2543,24,24,
2544,16,16,
2545,21,21,
2546,26,26,
2547,24,24,
2548,25,25,
2549,15,15,
2550,21,21,
2551,28,28,
2552,22,22,
2553,14,14,
2554,26,26,
2555,25,25,
2556,24,24,
2557,27,27,
2558,19,19,
2559,27,27,
2560,17,17,
2561,17,17,
2562,22,22,
2563,23,23,
2564,25,25,
2565,14,14,
2566,15,15,
2567,12,12,
2568,15,15,
2569,23,23,
2570,22,22,
2571,24,24,
2572,30,30,
2573,25,25,
2574,27,27,
2575,22,22,
2576,16,16,
2577,25,25,
2578,17,17,
2579,26,26,
2580,19,19,
2581,19,19,
2582,25,25,
2583,25,25,
2584,17,17,
2585,24,24,
2586,21,21,
2587,27,27,
2588,25,25,
2589,18,18,
2590,16,16,
2591,21,21,
2592,21,21,
2593,16,16,
2594,23,23,
2595,14,14,
2596,17,17,
2597,17,17,
2598,28,28,
2599,20,20,
2600,28,28,
2601,27,27,
2602,19,19,
2603,27,27,
2604,34,34,
2605,17,17,
2606,22,22,
2607,16,16,
2608,19,19,
2609,22,22,
2610,20,20,
2611,36,36,
2612,21,21,
2613,21,21,
2614,18,18,
2615,23,23,
2616,23,23,
2617,16,16,
2618,19,19,
2619,23,23,
2620,14,14,
2621,23,23,
2622,25,25,
2623,21,21,
2624,21,21,
2625,21,21,
2626,18,18,
2627,24,24,
2628,23,23,
2629,19,19,
2630,24,24,
2631,21,21,
2632,15,15,
2633,30,30,
2634,28,28,
2635,12,12,
2636,28,28,
2637,20,20,
2638,20,20,
2639,18,18,
2640,22,22,
2641,20,20,
2642,27,27,
2643,23,23,
2644,22,22,
2645,22,22,
2646,24,24,
2647,29,29,
2648,25,25,
2649,18,18,
2650,17,17,
2651,22,22,
2652,14,14,
2653,24,24,
2654,27,27,
2655,22,22,
2656,18,18,
2657,29,29,
2658,17,17,
2659,27,27,
2660,18,18,
2661,30,30,
2662,27,27,
2663,21,21,
2664,24,24,
2665,29,29,
2666,31,31,
2667,23,23,
2668,28,28,
2669,28,28,
2670,15,15,
2671,18,18,
2672,26,26,
2673,24,24,
2674,25,25,
2675,20,20,
2676,21,21,
2677,15,15,
2678,20,20,
2679,17,17,
2680,22,22,
2681,23,23,
2682,22,22,
2683,16,16,
2684,23,23,
2685,25,25,
2686,19,19,
2687,26,26,
2688,25,25,
2689,25,25,
2690,24,24,
2691,23,23,
2692,37,37,
2693,29,29,
2694,19,19,
2695,23,23,
2696,22,22,
2697,24,24,
2698,14,14,
2699,18,18,
2700,18,18,
2701,20,20,
2702,25,25,
2703,19,19,
2704,26,26,
2705,25,25,
2706,16,16,
2707,31,31,
2708,19,19,
2709,20,20,
2710,26,26,
2711,17,17,
2712,22,22,
2713,24,24,
2714,21,21,
2715,24,24,
2716,22,22,
2717,24,24,
2718,20,20,
2719,16,16,
2720,33,33,
2721,21,21,
2722,18,18,
2723,21,21,
2724,22,22,
2725,22,22,
2726,23,23,
2727,30,30,
2728,22,22,
2729,27,27,
2730,13,13,
2731,23,23,
2732,21,21,
2733,17,17,
2734,21,21,
2735,12,12,
2736,9,9,
2737,14,14,
2738,12,12,
2739,20,20,
2740,18,18,
2741,6,6,
2742,14,14,
2743,21,21,
2744,9,9,
2745,18,18,
2746,15,15,
2747,10,10,
2748,12,12,
2749,16,16,
2750,18,18,
2751,17,17,
2752,15,15,
2753,16,16,
2754,9,9,
2755,18,18,
2756,13,13,
2757,14,14,
2758,10,10,
2759,10,10,
2760,11,11,
2761,15,15,
2762,14,14,
2763,13,13,
2764,13,13,
2765,14,14,
2766,17,17,
2767,12,12,
2768,8,8,
2769,18,18,
2770,15,15,
2771,13,13,
2772,17,17,
2773,7,7,
2774,19,19,
2775,12,12,
2776,15,15,
2777,13,13,
2778,17,17,
2779,16,16,
2780,17,17,
2781,9,9,
2782,10,10,
2783,13,13,
2784,10,10,
2785,9,9,
2786,9,9,
2787,13,13,
2788,10,10,
2789,13,13,
2790,15,15,
2791,15,15,
2792,13,13,
2793,11,11,
2794,14,14,
2795,10,10,
2796,8,8,
2797,6,6,
2798,13,13,
2799,18,18,
2800,12,12,
2801,17,17,
2802,9,9,
2803,9,9,
2804,9,9,
2805,13,13,
2806,10,10,
2807,10,10,
2808,11,11,
2809,11,11,
2810,8,8,
2811,8,8,
2812,8,8,
2813,12,12,
2814,15,15,
2815,7,7,
2816,12,12,
2817,11,11,
2818,9,9,
2819,5,5,
2820,15,15,
2821,8,8,
2822,11,11,
2823,7,7,
2824,12,12,
2825,7,7,
2826,5,5,
2827,6,6,
2828,10,10,
2829,4,4,
2830,13,13,
2831,11,11,
2832,5,5,
2833,7,7,
2834,9,9,
2835,9,9,
2836,8,8,
2837,3,3,
2838,8,8,
2839,7,7,
2840,10,10,
2841,5,5,
2842,11,11,
2843,5,5,
2844,7,7,
2845,4,4,
2846,8,8,
2847,4,4,
2848,8,8,
2849,2,2,
2850,2,2,
2851,8,8,
2852,5,5,
2853,8,8,
2854,3,3,
2855,9,9,
2856,4,4,
2857,3,3,
2858,7,7,
2859,8,8,
2860,8,8,
2861,2,2,
2862,11,11,
2863,3,3,
2864,6,6,
2865,9,9,
2866,5,5,
2867,6,6,
2868,5,5,
2869,7,7,
2870,2,2,
2871,6,6,
2872,6,6,
2873,6,6,
2874,6,6,
2875,3,3,
2876,7,7,
2877,3,3,
2878,5,5,
2879,5,5,
2880,6,6,
2881,7,7,
2882,6,6,
2883,6,6,
2884,7,7,
2885,5,5,
2886,7,7,
2887,4,4,
2888,5,5,
2889,3,3,
2890,6,6,
2891,3,3,
2892,5,5,
2893,7,7,
2894,4,4,
2895,7,7,
2896,3,3,
2897,7,7,
2898,6,6,
2899,8,8,
2900,5,5,
2901,3,3,
2902,4,4,
2903,1,1,
2904,6,6,
2905,4,4,
2906,2,2,
2907,3,3,
2908,6,6,
2909,2,2,
2910,4,4,
2911,7,7,
2912,1,1,
2913,4,4,
2914,5,5,
2915,9,9,
2916,8,8,
2917,5,5,
2918,7,7,
2919,6,6,
2920,5,5,
2921,6,6,
2922,5,5,
2923,4,4,
2924,3,3,
2925,7,7,
2926,5,5,
2927,4,4,
2928,2,2,
2929,3,3,
2930,10,10,
2931,2,2,
2932,8,8,
2933,3,3,
2934,6,6,
2935,2,2,
2936,1,1,
2937,6,6,
2938,1,1,
2939,3,3,
2940,2,2,
2941,6,6,
2942,5,5,
2943,2,2,
2944,4,4,
2945,9,9,
2946,2,2,
2947,3,3,
2948,5,5,
2949,2,2,
2950,3,3,
2951,3,3,
2952,3,3,
2953,5,5,
2954,5,5,
2955,6,6,
2956,6,6,
2957,2,2,
2958,8,8,
2959,4,4,
2960,1,1,
2961,3,3,
2962,6,6,
2963,3,3,
2964,4,4,
2965,4,4,
2966,6,6,
2967,4,4,
2968,6,6,
2969,7,7,
2970,5,5,
2971,6,6,
2972,6,6,
2973,11,11,
2974,11,11,
2975,11,11,
2976,7,7,
2977,21,21,
2978,49,49,
2979,58,58,
2980,94,94,
2981,124,124,
2982,161,161,
2983,101,101,
2984,68,68,
2985,32,32,
2986,18,18,
2987,3,3,
2988,1,1,
2989,5,5,
2990,2,2,
2991,1,1,
2992,1,1,
2993,2,2,
2994,4,4,
2995,3,3,
2996,,0,
2997,3,3,
2998,2,2,
2999,,0,
3000,,0,
3001,1,1,
3002,4,4,
3003,3,3,
3004,5,5,
3005,4,4,
3006,2,2,
3007,2,2,
3008,1,1,
3009,1,1,
3010,1,1,
3011,1,1,
3012,,0,
3013,,0,
3014,1,1,
3015,2,2,
3016,1,1,
3017,1,1,
3018,5,5,
3019,3,3,
3020,4,4,
3021,2,2,
3022,1,1,
3023,,0,
3024,,0,
3025,1,1,
3026,1,1,
3027,4,4,
3028,1,1,
3029,2,2,
3030,3,3,
3031,1,1,
3032,2,2,
3033,1,1,
3034,4,4,
3035,5,5,
3036,,0,
3037,2,2,
3038,3,3,
3039,1,1,
3040,1,1,
3041,4,4,
3042,1,1,
3043,1,1,
3044,,0,
3045,1,1,
3046,1,1,
3047,2,2,
3048,2,2,
3049,1,1,
3050,1,1,
3051,3,3,
3052,,0,
3053,4,4,
3054,1,1,
3055,,0,
3056,1,1,
3057,1,1,
3058,,0,
3059,1,1,
3060,,0,
3061,1,1,
3062,3,3,
3063,,0,
3064,3,3,
3065,5,5,
3066,1,1,
3067,2,2,
3068,1,1,
3069,1,1,
3070,,0,
3071,1,1,
3072,2,2,
3073,,0,
3074,4,4,
3075,1,1,
3076,3,3,
3077,2,2,
3078,1,1,
3079,1,1,
3080,2,2,
3081,,0,
3082,3,3,
3083,,0,
3084,1,1,
3085,2,2,
3086,,0,
3087,1,1,
3088,,0,
3089,,0,
3090,1,1,
3091,2,2,
3092,1,1,
3093,1,1,
3094,1,1,
3095,1,1,
3096,3,3,
3097,1,1,
3098,1,1,
3099,1,1,
3100,1,1,
3101,1,1,
3102,1,1,
3103,4,4,
3104,3,3,
3105,,0,
3106,3,3,
3107,5,5,
3108,5,5,
3109,6,6,
3110,7,7,
3111,7,7,
3112,14,14,
3113,11,11,
3114,8,8,
3115,3,3,
3116,1,1,
3117,,0,
3118,3,3,
3119,1,1,
3120,1,1,
3121,,0,
3122,,0,
3123,1,1,
3124,1,1,
3125,,0,
3126,1,1,
3127,3,3,
3128,1,1,
3129,,0,
3130,,0,
3131,,0,
3132,2,2,
3133,6,6,
3134,1,1,
3135,4,4,
3136,,0,
3137,,0,
3138,4,4,
3139,1,1,
3140,2,2,
3141,4,4,
3142,1,1,
3143,,0,
3144,,0,
3145,1,1,
3146,1,1,
3147,1,1,
3148,1,1,
3149,1,1,
3150,2,2,
3151,3,3,
3152,1,1,
3153,1,1,
3154,1,1,
3155,3,3,
3156,,0,
3157,1,1,
3158,2,2,
3159,3,3,
3160,,0,
3161,1,1,
3162,1,1,
3163,2,2,
3164,2,2,
3165,3,3,
3166,3,3,
3167,2,2,
3168,3,3,
3169,1,1,
3170,1,1,
3171,4,4,
3172,1,1,
3173,2,2,
3174,2,2,
3175,,0,
3176,1,1,
3177,2,2,
3178,2,2,
3179,,0,
3180,1,1,
3181,,0,
3182,1,1,
3183,,0,
3184,2,2,
3185,,0,
3186,2,2,
3187,,0,
3188,,0,
3189,,0,
3190,1,1,
3191,1,1,
3192,2,2,
3193,1,1,
3194,1,1,
3195,1,1,
3196,,0,
3197,,0,
3198,2,2,
3199,2,2,
3200,2,2,
3201,,0,
3202,1,1,
3203,,0,
3204,,0,
3205,1,1,
3206,1,1,
3207,,0,
3208,1,1,
3209,2,2,
3210,,0,
3211,,0,
3212,,0,
3213,2,2,
3214,2,2,
3215,1,1,
3216,1,1,
3217,,0,
3218,,0,
3219,2,2,
3220,,0,
3221,,0,
3222,,0,
3223,3,3,
3224,2,2,
3225,1,1,
3226,1,1,
3227,2,2,
3228,1,1,
3229,,0,
3230,,0,
3231,,0,
3232,,0,
3233,1,1,
3234,2,2,
3235,,0,
3236,,0,
3237,,0,
3238,,0,
3239,,0,
3240,2,2,
3241,,0,
3242,1,1,
3243,1,1,
3244,,0,
3245,1,1,
3246,,0,
3247,1,1,
3248,,0,
3249,2,2,
3250,1,1,
3251,,0,
3252,,0,
3253,,0,
3254,1,1,
3255,1,1,
3256,1,1,
3257,,0,
3258,1,1,
3259,1,1,
3260,3,3,
3261,,0,
3262,,0,
3263,,0,
3264,,0,
3265,2,2,
3266,,0,
3267,1,1,
3268,,0,
3269,1,1,
3270,,0,
3271,,0,
3272,1,1,
3273,,0,
3274,,0,
3275,,0,
3276,,0,
3277,,0,
3278,,0,
3279,1,1,
3280,1,1,
3281,,0,
3282,,0,
3283,1,1,
3284,,0,
3285,,0,
3286,1,1,
3287,,0,
3288,1,1,
3289,3,3,
3290,2,2,
3291,1,1,
3292,1,1,
3293,,0,
3294,,0,
3295,,0,
3296,,0,
3297,,0,
3298,,0,
3299,1,1,
3300,,0,
3301,,0,
3302,1,1,
3303,,0,
3304,1,1,
3305,1,1,
3306,2,2,
3307,1,1,
3308,,0,
3309,,0,
3310,,0,
3311,1,1,
3312,1,1,
3313,,0,
3314,,0,
3315,1,1,
3316,,0,
3317,1,1,
3318,,0,
3319,,0,
3320,2,2,
3321,3,3,
3322,,0,
3323,,0,
3324,,0,
3325,1,1,
3326,,0,
3327,1,1,
3328,1,1,
3329,,0,
3330,1,1,
3331,,0,
3332,,0,
3333,,0,
3334,3,3,
3335,,0,
3336,,0,
3337,,0,
3338,1,1,
3339,2,2,
3340,1,1,
3341,2,2,
3342,1,1,
3343,,0,
3344,,0,
3345,,0,
3346,1,1,
3347,,0,
3348,1,1,
3349,,0,
3350,,0,
3351,,0,
3352,1,1,
3353,,0,
3354,,0,
3355,,0,
3356,,0,
3357,,0,
3358,1,1,
3359,1,1,
3360,1,1,
3361,3,3,
3362,,0,
3363,3,3,
3364,1,1,
3365,,0,
3366,,0,
3367,,0,
3368,,0,
3369,1,1,
3370,1,1,
3371,2,2,
3372,1,1,
3373,,0,
3374,2,2,
3375,,0,
3376,1,1,
3377,2,2,
3378,,0,
3379,1,1,
3380,1,1,
3381,,0,
3382,1,1,
3383,1,1,
3384,,0,
3385,,0,
3386,1,1,
3387,1,1,
3388,1,1,
3389,,0,
3390,1,1,
3391,,0,
3392,1,1,
3393,1,1,
3394,,0,
3395,1,1,
3396,1,1,
3397,1,1,
3398,2,2,
3399,1,1,
3400,,0,
3401,,0,
3402,2,2,
3403,,0,
3404,,0,
3405,,0,
3406,2,2,
3407,,0,
3408,1,1,
3409,2,2,
3410,3,3,
3411,,0,
3412,,0,
3413,,0,
3414,,0,
3415,,0,
3416,,0,
3417,1,1,
3418,,0,
3419,,0,
3420,,0,
3421,1,1,
3422,,0,
3423,1,1,
3424,1,1,
3425,,0,
3426,,0,
3427,,0,
3428,1,1,
3429,,0,
3430,,0,
3431,1,1,
3432,,0,
3433,,0,
3434,1,1,
3435,,0,
3436,1,1,
3437,1,1,
3438,2,2,
3439,1,1,
3440,,0,
3441,,0,
3442,,0,
3443,,0,
3444,,0,
3445,,0,
3446,2,2,
3447,,0,
3448,,0,
3449,,0,
3450,,0,
3451,1,1,
3452,,0,
3453,1,1,
3454,1,1,
3455,,0,
3456,1,1,
3457,,0,
3458,,0,
3459,,0,
3460,,0,
3461,,0,
3462,2,2,
3463,1,1,
3464,1,1,
3465,2,2,
3466,,0,
3467,1,1,
3468,,0,
3469,1,1,
3470,,0,
3471,,0,
3472,,0,
3473,1,1,
3474,1,1,
3475,,0,
3476,,0,
3477,,0,
3478,1,1,
3479,,0,
3480,1,1,
3481,1,1,
3482,,0,
3483,1,1,
3484,,0,
3485,,0,
3486,,0,
3487,,0,
3488,,0,
3489,1,1,
3490,,0,
3491,1,1,
3492,1,1,
3493,,0,
3494,,0,
3495,,0,
3496,,0,
3497,1,1,
3498,2,2,
3499,1,1,
3500,1,1,
3501,1,1,
3502,1,1,
3503,,0,
3504,1,1,
3505,,0,
3506,,0,
3507,1,1,
3508,1,1,
3509,1,1,
3510,1,1,
3511,,0,
3512,1,1,
3513,,0,
3514,,0,
3515,2,2,
3516,,0,
3517,,0,
3518,,0,
3519,2,2,
3520,,0,
3521,,0,
3522,1,1,
3523,2,2,
3524,,0,
3525,2,2,
3526,,0,
3527,,0,
3528,,0,
3529,1,1,
3530,,0,
3531,,0,
3532,,0,
3533,,0,
3534,,0,
3535,,0,
3536,,0,
3537,,0,
3538,1,1,
3539,,0,
3540,1,1,
3541,1,1,
3542,,0,
3543,,0,
3544,1,1,
3545,1,1,
3546,1,1,
3547,,0,
3548,2,2,
3549,,0,
3550,1,1,
3551,1,1,
3552,,0,
3553,,0,
3554,2,2,
3555,2,2,
3556,1,1,
3557,,0,
3558,,0,
3559,,0,
3560,,0,
3561,1,1,
3562,,0,
3563,,0,
3564,,0,
3565,1,1,
3566,1,1,
3567,1,1,
3568,,0,
3569,,0,
3570,,0,
3571,1,1,
3572,1,1,
3573,,0,
3574,1,1,
3575,,0,
3576,,0,
3577,,0,
3578,,0,
3579,,0,
3580,2,2,
3581,,0,
3582,1,1,
3583,,0,
3584,1,1,
3585,,0,
3586,1,1,
3587,1,1,
3588,,0,
3589,,0,
3590,,0,
3591,,0,
3592,1,1,
3593,,0,
3594,2,2,
3595,,0,
3596,1,1,
3597,1,1,
3598,,0,
3599,,0,
3600,1,1,
3601,,0,
3602,3,3,
3603,1,1,
3604,,0,
3605,,0,
3606,,0,
3607,1,1,
3608,1,1,
3609,3,3,
3610,,0,
3611,,0,
3612,,0,
3613,,0,
3614,,0,
3615,,0,
3616,1,1,
3617,1,1,
3618,1,1,
3619,1,1,
3620,1,1,
3621,,0,
3622,,0,
3623,,0,
3624,,0,
3625,,0,
3626,1,1,
3627,,0,
3628,1,1,
3629,1,1,
3630,1,1,
3631,,0,
3632,,0,
3633,,0,
3634,,0,
3635,,0,
3636,,0,
3637,1,1,
3638,1,1,
3639,2,2,
3640,,0,
3641,,0,
3642,,0,
3643,1,1,
3644,1,1,
3645,1,1,
3646,1,1,
3647,,0,
3648,,0,
3649,1,1,
3650,,0,
3651,1,1,
3652,1,1,
3653,,0,
3654,1,1,
3655,1,1,
3656,,0,
3657,,0,
3658,,0,
3659,,0,
3660,,0,
3661,,0,
3662,,0,
3663,,0,
3664,,0,
3665,,0,
3666,1,1,
3667,1,1,
3668,1,1,
3669,,0,
3670,,0,
3671,,0,
3672,1,1,
3673,1,1,
3674,,0,
3675,,0,
3676,,0,
3677,,0,
3678,,0,
3679,1,1,
3680,,0,
3681,,0,
3682,,0,
3683,,0,
3684,,0,
3685,,0,
3686,,0,
3687,,0,
3688,1,1,
3689,1,1,
3690,,0,
3691,,0,
3692,,0,
3693,2,2,
3694,2,2,
3695,1,1,
3696,,0,
3697,1,1,
3698,,0,
3699,,0,
3700,,0,
3701,,0,
3702,,0,
3703,,0,
3704,,0,
3705,,0,
3706,,0,
3707,,0,
3708,,0,
3709,1,1,
3710,1,1,
3711,,0,
3712,,0,
3713,,0,
3714,,0,
3715,,0,
3716,,0,
3717,,0,
3718,1,1,
3719,,0,
3720,,0,
3721,,0,
3722,1,1,
3723,1,1,
3724,,0,
3725,,0,
3726,,0,
3727,,0,
3728,1,1,
3729,,0,
3730,,0,
3731,1,1,
3732,,0,
3733,,0,
3734,,0,
3735,,0,
3736,,0,
3737,,0,
3738,,0,
3739,1,1,
3740,,0,
3741,,0,
3742,,0,
3743,1,1,
3744,,0,
3745,,0,
3746,,0,
3747,,0,
3748,,0,
3749,,0,
3750,1,1,
3751,,0,
3752,,0,
3753,1,1,
3754,,0,
3755,,0,
3756,2,2,
3757,1,1,
3758,,0,
3759,,0,
3760,,0,
3761,,0,
3762,1,1,
3763,,0,
3764,1,1,
3765,1,1,
3766,,0,
3767,,0,
3768,1,1,
3769,,0,
3770,1,1,
3771,1,1,
3772,,0,
3773,,0,
3774,1,1,
3775,,0,
3776,,0,
3777,,0,
3778,,0,
3779,,0,
3780,1,1,
3781,,0,
3782,,0,
3783,,0,
3784,,0,
3785,,0,
3786,1,1,
3787,,0,
3788,,0,
3789,1,1,
3790,,0,
3791,,0,
3792,,0,
3793,,0,
3794,,0,
3795,,0,
3796,3,3,
3797,,0,
3798,,0,
3799,,0,
3800,,0,
3801,,0,
3802,,0,
3803,,0,
3804,,0,
3805,,0,
3806,1,1,
3807,,0,
3808,1,1,
3809,,0,
3810,,0,
3811,,0,
3812,,0,
3813,,0,
3814,,0,
3815,,0,
3816,,0,
3817,,0,
3818,,0,
3819,,0,
3820,,0,
3821,,0,
3822,,0,
3823,,0,
3824,,0,
3825,1,1,
3826,,0,
3827,1,1,
3828,,0,
3829,,0,
3830,,0,
3831,,0,
3832,,0,
3833,,0,
3834,2,2,
3835,1,1,
3836,2,2,
3837,1,1,
3838,,0,
3839,,0,
3840,,0,
3841,,0,
3842,2,2,
3843,1,1,
3844,,0,
3845,,0,
3846,,0,
3847,1,1,
3848,,0,
3849,,0,
3850,,0,
3851,,0,
3852,1,1,
3853,1,1,
3854,1,1,
3855,1,1,
3856,,0,
3857,,0,
3858,,0,
3859,,0,
3860,,0,
3861,,0,
3862,,0,
3863,,0,
3864,,0,
3865,,0,
3866,,0,
3867,1,1,
3868,,0,
3869,,0,
3870,,0,
3871,,0,
3872,,0,
3873,,0,
3874,,0,
3875,,0,
3876,,0,
3877,,0,
3878,1,1,
3879,,0,
3880,,0,
3881,1,1,
3882,,0,
3883,,0,
3884,,0,
3885,1,1,
3886,1,1,
3887,,0,
3888,,0,
3889,,0,
3890,,0,
3891,,0,
3892,,0,
3893,,0,
3894,,0,
3895,,0,
3896,,0,
3897,,0,
3898,,0,
3899,,0,
3900,,0,
3901,,0,
3902,,0,
3903,,0,
3904,,0,
3905,,0,
3906,,0,
3907,,0,
3908,,0,
3909,1,1,
3910,,0,
3911,,0,
3912,1,1,
3913,,0,
3914,,0,
3915,,0,
3916,1,1,
3917,,0,
3918,1,1,
3919,,0,
3920,,0,
3921,1,1,
3922,,0,
3923,1,1,
3924,,0,
3925,,0,
3926,,0,
3927,,0,
3928,,0,
3929,,0,
3930,1,1,
3931,,0,
3932,1,1,
3933,,0,
3934,,0,
3935,,0,
3936,,0,
3937,,0,
3938,,0,
3939,,0,
3940,,0,
3941,,0,
3942,,0,
3943,,0,
3944,,0,
3945,,0,
3946,,0,
3947,,0,
3948,1,1,
3949,,0,
3950,,0,
3951,,0,
3952,,0,
3953,,0,
3954,,0,
3955,,0,
3956,1,1,
3957,,0,
3958,,0,
3959,,0,
3960,,0,
3961,,0,
3962,,0,
3963,1,1,
3964,,0,
3965,,0,
3966,,0,
3967,,0,
3968,,0,
3969,,0,
3970,,0,
3971,,0,
3972,,0,
3973,,0,
3974,1,1,
3975,,0,
3976,,0,
3977,,0,
3978,,0,
3979,,0,
3980,,0,
3981,,0,
3982,,0,
3983,,0,
3984,,0,
3985,1,1,
3986,,0,
3987,,0,
3988,,0,
3989,1,1,
3990,,0,
3991,,0,
3992,,0,
3993,,0,
3994,,0,
3995,,0,
3996,1,1,
3997,1,1,
3998,,0,
3999,,0,
4000,,0,
4001,2,2,
4002,,0,
4003,,0,
4004,,0,
4005,,0,
4006,,0,
4007,,0,
4008,,0,
4009,,0,
4010,,0,
4011,,0,
4012,,0,
4013,,0,
4014,,0,
4015,,0,
4016,,0,
4017,,0,
4018,1,1,
4019,,0,
4020,,0,
4021,,0,
4022,,0,
4023,,0,
4024,,0,
4025,,0,
4026,,0,
4027,,0,
4028,1,1,
4029,,0,
4030,,0,
4031,,0,
4032,,0,
4033,,0,
4034,,0,
4035,,0,
4036,,0,
4037,,0,
4038,,0,
4039,,0,
4040,,0,
4041,,0,
4042,,0,
4043,,0,
4044,,0,
4045,1,1,
4046,,0,
4047,,0,
4048,,0,
4049,,0,
4050,,0,
4051,,0,
4052,,0,
4053,,0,
4054,,0,
4055,1,1,
4056,,0,
4057,,0,
4058,,0,
4059,,0,
4060,1,1,
4061,,0,
4062,1,1,
4063,,0,
4064,,0,
4065,,0,
4066,,0,
4067,,0,
4068,,0,
4069,,0,
4070,,0,
4071,2,2,
4072,,0,
4073,,0,
4074,,0,
4075,,0,
4076,,0,
4077,,0,
4078,,0,
4079,,0,
4080,,0,
4081,,0,
4082,,0,
4083,,0,
4084,,0,
4085,,0,
4086,,0,
4087,,0,
4088,,0,
4089,,0,
4090,,0,
4091,,0,
4092,,0,
4093,,0,
4094,,0,
4095,1,1,
,,,