"2022/04/28","14:52:27",380.24,600
"",,,
0,,0,
1,,0,
2,,0,
3,,0,
4,,0,
5,,0,
6,,0,
7,,0,
8,,0,
9,,0,
10,,0,
11,,0,
12,,0,
13,,0,
14,,0,
15,,0,
16,,0,
17,,0,
18,,0,
19,,0,
20,1,1,
21,,0,
22,,0,
23,2,2,
24,,0,
25,,0,
26,1,1,
27,,0,
28,,0,
29,,0,
30,,0,
31,2,2,
32,2,2,
33,,0,
34,1,1,
35,,0,
36,1,1,
37,3,3,
38,1,1,
39,1,1,
40,,0,
41,,0,
42,,0,
43,1,1,
44,69,69,
45,4530,4530,
46,5723,5723,
47,5548,5548,
48,5479,5479,
49,5523,5523,
50,5452,5452,
51,5549,5549,
52,5498,5498,
53,5265,5265,
54,5424,5424,
55,5305,5305,
56,5366,5366,
57,5220,5220,
58,5333,5333,
59,5356,5356,
60,5442,5442,
61,5223,5223,
62,5410,5410,
63,5237,5237,
64,5235,5235,
65,5254,5254,
66,5233,5233,
67,5368,5368,
68,5384,5384,
69,5334,5334,
70,5329,5329,
71,5346,5346,
72,5387,5387,
73,5346,5346,
74,5391,5391,
75,5436,5436,
76,5268,5268,
77,5442,5442,
78,5295,5295,
79,5355,5355,
80,5301,5301,
81,5246,5246,
82,5346,5346,
83,5215,5215,
84,5327,5327,
85,5160,5160,
86,5169,5169,
87,5292,5292,
88,5360,5360,
89,5270,5270,
90,5210,5210,
91,5276,5276,
92,5328,5328,
93,5139,5139,
94,5141,5141,
95,5192,5192,
96,5337,5337,
97,5148,5148,
98,5183,5183,
99,5263,5263,
100,5167,5167,
101,5300,5300,
102,5216,5216,
103,5183,5183,
104,5053,5053,
105,5085,5085,
106,5152,5152,
107,5184,5184,
108,5194,5194,
109,5129,5129,
110,5204,5204,
111,5110,5110,
112,5079,5079,
113,5133,5133,
114,4990,4990,
115,5144,5144,
116,5018,5018,
117,5030,5030,
118,4999,4999,
119,5176,5176,
120,5108,5108,
121,5269,5269,
122,4985,4985,
123,5167,5167,
124,5086,5086,
125,5034,5034,
126,5103,5103,
127,5268,5268,
128,5130,5130,
129,5265,5265,
130,5308,5308,
131,5136,5136,
132,5176,5176,
133,5184,5184,
134,5221,5221,
135,5106,5106,
136,5142,5142,
137,5224,5224,
138,5192,5192,
139,5181,5181,
140,5315,5315,
141,5008,5008,
142,5126,5126,
143,5299,5299,
144,5238,5238,
145,5018,5018,
146,5229,5229,
147,5169,5169,
148,5157,5157,
149,5131,5131,
150,5115,5115,
151,5168,5168,
152,5176,5176,
153,5121,5121,
154,4945,4945,
155,5079,5079,
156,5207,5207,
157,5097,5097,
158,5037,5037,
159,5143,5143,
160,5062,5062,
161,5192,5192,
162,5194,5194,
163,5219,5219,
164,5100,5100,
165,5017,5017,
166,5178,5178,
167,5121,5121,
168,4947,4947,
169,5114,5114,
170,5048,5048,
171,4923,4923,
172,5038,5038,
173,5073,5073,
174,5183,5183,
175,4930,4930,
176,5013,5013,
177,4984,4984,
178,4995,4995,
179,4885,4885,
180,4975,4975,
181,4966,4966,
182,4911,4911,
183,4943,4943,
184,5028,5028,
185,4973,4973,
186,5067,5067,
187,4965,4965,
188,5109,5109,
189,5022,5022,
190,5261,5261,
191,5152,5152,
192,5176,5176,
193,5109,5109,
194,5241,5241,
195,5328,5328,
196,5361,5361,
197,5523,5523,
198,5542,5542,
199,5646,5646,
200,5723,5723,
201,5885,5885,
202,5828,5828,
203,5763,5763,
204,5831,5831,
205,6086,6086,
206,5897,5897,
207,6055,6055,
208,5975,5975,
209,6018,6018,
210,6185,6185,
211,6032,6032,
212,6092,6092,
213,5982,5982,
214,6088,6088,
215,6150,6150,
216,6164,6164,
217,5998,5998,
218,6156,6156,
219,6224,6224,
220,6029,6029,
221,6132,6132,
222,6075,6075,
223,6129,6129,
224,5982,5982,
225,6034,6034,
226,5966,5966,
227,6190,6190,
228,6051,6051,
229,6267,6267,
230,5992,5992,
231,5912,5912,
232,6009,6009,
233,6027,6027,
234,6056,6056,
235,5935,5935,
236,6059,6059,
237,5900,5900,
238,5818,5818,
239,6009,6009,
240,5778,5778,
241,5916,5916,
242,5825,5825,
243,5874,5874,
244,5765,5765,
245,5961,5961,
246,5758,5758,
247,5666,5666,
248,5875,5875,
249,5690,5690,
250,5911,5911,
251,5978,5978,
252,5822,5822,
253,5896,5896,
254,5746,5746,
255,5610,5610,
256,5768,5768,
257,5645,5645,
258,5873,5873,
259,5771,5771,
260,5696,5696,
261,5707,5707,
262,5571,5571,
263,5659,5659,
264,5726,5726,
265,5621,5621,
266,5691,5691,
267,5623,5623,
268,5613,5613,
269,5688,5688,
270,5594,5594,
271,5708,5708,
272,5745,5745,
273,5666,5666,
274,5550,5550,
275,5654,5654,
276,5644,5644,
277,5535,5535,
278,5731,5731,
279,5547,5547,
280,5457,5457,
281,5585,5585,
282,5535,5535,
283,5569,5569,
284,5568,5568,
285,5483,5483,
286,5638,5638,
287,5457,5457,
288,5493,5493,
289,5693,5693,
290,5526,5526,
291,5603,5603,
292,5654,5654,
293,5540,5540,
294,5508,5508,
295,5635,5635,
296,5661,5661,
297,5391,5391,
298,5605,5605,
299,5499,5499,
300,5437,5437,
301,5414,5414,
302,5425,5425,
303,5436,5436,
304,5480,5480,
305,5537,5537,
306,5432,5432,
307,5461,5461,
308,5555,5555,
309,5513,5513,
310,5587,5587,
311,5472,5472,
312,5410,5410,
313,5561,5561,
314,5572,5572,
315,5410,5410,
316,5471,5471,
317,5561,5561,
318,5565,5565,
319,5531,5531,
320,5582,5582,
321,5466,5466,
322,5615,5615,
323,5534,5534,
324,5581,5581,
325,5706,5706,
326,5606,5606,
327,5634,5634,
328,5549,5549,
329,5831,5831,
330,5533,5533,
331,5525,5525,
332,5489,5489,
333,5694,5694,
334,5883,5883,
335,5665,5665,
336,5653,5653,
337,5773,5773,
338,5721,5721,
339,5839,5839,
340,5773,5773,
341,5826,5826,
342,5758,5758,
343,5900,5900,
344,5850,5850,
345,5959,5959,
346,5994,5994,
347,6014,6014,
348,5899,5899,
349,5961,5961,
350,5983,5983,
351,6076,6076,
352,5999,5999,
353,5872,5872,
354,6053,6053,
355,5934,5934,
356,6088,6088,
357,6037,6037,
358,6156,6156,
359,6115,6115,
360,6086,6086,
361,6252,6252,
362,6130,6130,
363,6157,6157,
364,6246,6246,
365,6267,6267,
366,6384,6384,
367,6308,6308,
368,6419,6419,
369,6529,6529,
370,6597,6597,
371,6560,6560,
372,6465,6465,
373,6514,6514,
374,6553,6553,
375,6625,6625,
376,6695,6695,
377,6750,6750,
378,6606,6606,
379,6821,6821,
380,6881,6881,
381,6944,6944,
382,6843,6843,
383,6784,6784,
384,6882,6882,
385,7061,7061,
386,7011,7011,
387,6951,6951,
388,7074,7074,
389,6994,6994,
390,7244,7244,
391,7057,7057,
392,6944,6944,
393,6904,6904,
394,6803,6803,
395,6761,6761,
396,6815,6815,
397,6601,6601,
398,6340,6340,
399,6377,6377,
400,6012,6012,
401,6000,6000,
402,5479,5479,
403,5364,5364,
404,5125,5125,
405,4854,4854,
406,4758,4758,
407,4701,4701,
408,4497,4497,
409,4481,4481,
410,4280,4280,
411,4184,4184,
412,4173,4173,
413,4129,4129,
414,4093,4093,
415,3939,3939,
416,3970,3970,
417,3905,3905,
418,3871,3871,
419,3858,3858,
420,3747,3747,
421,3788,3788,
422,3739,3739,
423,3676,3676,
424,3650,3650,
425,3672,3672,
426,3572,3572,
427,3468,3468,
428,3500,3500,
429,3459,3459,
430,3455,3455,
431,3403,3403,
432,3365,3365,
433,3432,3432,
434,3275,3275,
435,3326,3326,
436,3397,3397,
437,3287,3287,
438,3233,3233,
439,3205,3205,
440,3120,3120,
441,3157,3157,
442,3095,3095,
443,3099,3099,
444,3119,3119,
445,3076,3076,
446,3056,3056,
447,2991,2991,
448,2878,2878,
449,2917,2917,
450,2842,2842,
451,2910,2910,
452,2765,2765,
453,2849,2849,
454,2704,2704,
455,2743,2743,
456,2667,2667,
457,2716,2716,
458,2607,2607,
459,2610,2610,
460,2732,2732,
461,2629,2629,
462,2588,2588,
463,2520,2520,
464,2595,2595,
465,2603,2603,
466,2442,2442,
467,2458,2458,
468,2434,2434,
469,2409,2409,
470,2336,2336,
471,2329,2329,
472,2183,2183,
473,2225,2225,
474,2208,2208,
475,2168,2168,
476,2232,2232,
477,2188,2188,
478,2156,2156,
479,2137,2137,
480,2103,2103,
481,2042,2042,
482,2068,2068,
483,2028,2028,
484,2098,2098,
485,2099,2099,
486,1991,1991,
487,2041,2041,
488,1968,1968,
489,1941,1941,
490,1901,1901,
491,2011,2011,
492,1887,1887,
493,1918,1918,
494,1815,1815,
495,1889,1889,
496,1861,1861,
497,1782,1782,
498,1835,1835,
499,1852,1852,
500,1882,1882,
501,1853,1853,
502,1843,1843,
503,1783,1783,
504,1758,1758,
505,1807,1807,
506,1856,1856,
507,1785,1785,
508,1765,1765,
509,1830,1830,
510,1735,1735,
511,1827,1827,
512,1741,1741,
513,1774,1774,
514,1744,1744,
515,1744,1744,
516,1750,1750,
517,1757,1757,
518,1714,1714,
519,1730,1730,
520,1788,1788,
521,1735,1735,
522,1782,1782,
523,1744,1744,
524,1761,1761,
525,1749,1749,
526,1717,1717,
527,1663,1663,
528,1651,1651,
529,1727,1727,
530,1743,1743,
531,1694,1694,
532,1711,1711,
533,1711,1711,
534,1741,1741,
535,1727,1727,
536,1697,1697,
537,1681,1681,
538,1694,1694,
539,1691,1691,
540,1726,1726,
541,1691,1691,
542,1693,1693,
543,1736,1736,
544,1537,1537,
545,1637,1637,
546,1677,1677,
547,1587,1587,
548,1670,1670,
549,1589,1589,
550,1620,1620,
551,1637,1637,
552,1643,1643,
553,1575,1575,
554,1573,1573,
555,1577,1577,
556,1600,1600,
557,1644,1644,
558,1633,1633,
559,1581,1581,
560,1550,1550,
561,1623,1623,
562,1635,1635,
563,1591,1591,
564,1557,1557,
565,1567,1567,
566,1540,1540,
567,1606,1606,
568,1626,1626,
569,1614,1614,
570,1570,1570,
571,1564,1564,
572,1583,1583,
573,1578,1578,
574,1626,1626,
575,1559,1559,
576,1613,1613,
577,1575,1575,
578,1660,1660,
579,1662,1662,
580,1648,1648,
581,1639,1639,
582,1738,1738,
583,1685,1685,
584,1873,1873,
585,1906,1906,
586,2020,2020,
587,2269,2269,
588,2418,2418,
589,2646,2646,
590,3055,3055,
591,3299,3299,
592,3676,3676,
593,4161,4161,
594,4711,4711,
595,5514,5514,
596,6665,6665,
597,8328,8328,
598,10551,10551,
599,14051,14051,
600,20696,20696,
601,33983,33983,
602,57571,57571,
603,86084,86084,
604,101841,101841,
605,89733,89733,
606,61209,61209,
607,34540,34540,
608,17590,17590,
609,8813,8813,
610,5247,5247,
611,3766,3766,
612,3122,3122,
613,2875,2875,
614,2598,2598,
615,2426,2426,
616,2353,2353,
617,2124,2124,
618,2188,2188,
619,2107,2107,
620,2047,2047,
621,1955,1955,
622,1864,1864,
623,1908,1908,
624,1858,1858,
625,1719,1719,
626,1685,1685,
627,1634,1634,
628,1570,1570,
629,1625,1625,
630,1538,1538,
631,1513,1513,
632,1556,1556,
633,1412,1412,
634,1483,1483,
635,1449,1449,
636,1494,1494,
637,1466,1466,
638,1449,1449,
639,1342,1342,
640,1437,1437,
641,1369,1369,
642,1417,1417,
643,1348,1348,
644,1315,1315,
645,1426,1426,
646,1419,1419,
647,1392,1392,
648,1315,1315,
649,1342,1342,
650,1287,1287,
651,1214,1214,
652,1281,1281,
653,1323,1323,
654,1276,1276,
655,1291,1291,
656,1268,1268,
657,1345,1345,
658,1225,1225,
659,1239,1239,
660,1286,1286,
661,1235,1235,
662,1209,1209,
663,1238,1238,
664,1274,1274,
665,1211,1211,
666,1251,1251,
667,1228,1228,
668,1191,1191,
669,1273,1273,
670,1207,1207,
671,1272,1272,
672,1155,1155,
673,1157,1157,
674,1208,1208,
675,1170,1170,
676,1183,1183,
677,1209,1209,
678,1142,1142,
679,1185,1185,
680,1183,1183,
681,1140,1140,
682,1177,1177,
683,1203,1203,
684,1125,1125,
685,1144,1144,
686,1186,1186,
687,1148,1148,
688,1181,1181,
689,1141,1141,
690,1203,1203,
691,1164,1164,
692,1150,1150,
693,1107,1107,
694,1071,1071,
695,1081,1081,
696,1098,1098,
697,1144,1144,
698,1089,1089,
699,1102,1102,
700,1147,1147,
701,1170,1170,
702,1117,1117,
703,1100,1100,
704,1088,1088,
705,1085,1085,
706,1118,1118,
707,1141,1141,
708,1148,1148,
709,1129,1129,
710,1084,1084,
711,1110,1110,
712,1083,1083,
713,1066,1066,
714,1051,1051,
715,1188,1188,
716,1116,1116,
717,1080,1080,
718,1035,1035,
719,1071,1071,
720,1139,1139,
721,1047,1047,
722,1096,1096,
723,1094,1094,
724,1102,1102,
725,996,996,
726,1080,1080,
727,1070,1070,
728,1100,1100,
729,1055,1055,
730,1050,1050,
731,1099,1099,
732,1065,1065,
733,1104,1104,
734,1084,1084,
735,1078,1078,
736,958,958,
737,1021,1021,
738,1060,1060,
739,1122,1122,
740,1043,1043,
741,1071,1071,
742,1069,1069,
743,1048,1048,
744,1053,1053,
745,1016,1016,
746,1049,1049,
747,1073,1073,
748,983,983,
749,1027,1027,
750,1038,1038,
751,1048,1048,
752,1065,1065,
753,1076,1076,
754,1033,1033,
755,1047,1047,
756,1050,1050,
757,1035,1035,
758,989,989,
759,1046,1046,
760,985,985,
761,1043,1043,
762,1006,1006,
763,1031,1031,
764,1067,1067,
765,1040,1040,
766,1037,1037,
767,985,985,
768,1052,1052,
769,953,953,
770,1081,1081,
771,1021,1021,
772,998,998,
773,977,977,
774,1043,1043,
775,994,994,
776,1043,1043,
777,1013,1013,
778,994,994,
779,1029,1029,
780,1035,1035,
781,990,990,
782,988,988,
783,1002,1002,
784,985,985,
785,1001,1001,
786,1033,1033,
787,1009,1009,
788,1024,1024,
789,976,976,
790,1002,1002,
791,959,959,
792,990,990,
793,1027,1027,
794,1010,1010,
795,986,986,
796,975,975,
797,1024,1024,
798,964,964,
799,1023,1023,
800,996,996,
801,966,966,
802,1050,1050,
803,980,980,
804,1030,1030,
805,1043,1043,
806,984,984,
807,1005,1005,
808,1030,1030,
809,949,949,
810,1008,1008,
811,1101,1101,
812,1019,1019,
813,1012,1012,
814,1022,1022,
815,1009,1009,
816,1038,1038,
817,992,992,
818,995,995,
819,1058,1058,
820,980,980,
821,970,970,
822,977,977,
823,991,991,
824,993,993,
825,1002,1002,
826,978,978,
827,978,978,
828,993,993,
829,977,977,
830,1053,1053,
831,979,979,
832,1006,1006,
833,915,915,
834,1076,1076,
835,960,960,
836,1002,1002,
837,965,965,
838,957,957,
839,935,935,
840,941,941,
841,1005,1005,
842,1009,1009,
843,940,940,
844,948,948,
845,1036,1036,
846,955,955,
847,1007,1007,
848,944,944,
849,958,958,
850,957,957,
851,957,957,
852,934,934,
853,975,975,
854,946,946,
855,975,975,
856,1002,1002,
857,985,985,
858,979,979,
859,979,979,
860,989,989,
861,955,955,
862,948,948,
863,950,950,
864,945,945,
865,931,931,
866,929,929,
867,898,898,
868,981,981,
869,945,945,
870,960,960,
871,979,979,
872,943,943,
873,921,921,
874,889,889,
875,935,935,
876,903,903,
877,906,906,
878,938,938,
879,893,893,
880,960,960,
881,960,960,
882,914,914,
883,952,952,
884,978,978,
885,936,936,
886,981,981,
887,981,981,
888,941,941,
889,942,942,
890,970,970,
891,953,953,
892,936,936,
893,886,886,
894,933,933,
895,924,924,
896,933,933,
897,969,969,
898,920,920,
899,974,974,
900,937,937,
901,946,946,
902,959,959,
903,954,954,
904,951,951,
905,963,963,
906,940,940,
907,988,988,
908,995,995,
909,963,963,
910,958,958,
911,923,923,
912,960,960,
913,971,971,
914,924,924,
915,902,902,
916,901,901,
917,999,999,
918,934,934,
919,948,948,
920,912,912,
921,937,937,
922,876,876,
923,914,914,
924,940,940,
925,911,911,
926,991,991,
927,956,956,
928,936,936,
929,896,896,
930,990,990,
931,890,890,
932,954,954,
933,965,965,
934,916,916,
935,943,943,
936,939,939,
937,935,935,
938,865,865,
939,926,926,
940,985,985,
941,917,917,
942,979,979,
943,939,939,
944,937,937,
945,931,931,
946,921,921,
947,920,920,
948,937,937,
949,920,920,
950,916,916,
951,904,904,
952,898,898,
953,884,884,
954,910,910,
955,982,982,
956,955,955,
957,980,980,
958,936,936,
959,919,919,
960,848,848,
961,969,969,
962,928,928,
963,924,924,
964,910,910,
965,916,916,
966,1008,1008,
967,916,916,
968,926,926,
969,1013,1013,
970,947,947,
971,961,961,
972,908,908,
973,962,962,
974,904,904,
975,975,975,
976,967,967,
977,956,956,
978,958,958,
979,898,898,
980,962,962,
981,965,965,
982,927,927,
983,936,936,
984,954,954,
985,951,951,
986,934,934,
987,984,984,
988,948,948,
989,917,917,
990,986,986,
991,966,966,
992,939,939,
993,922,922,
994,991,991,
995,913,913,
996,909,909,
997,905,905,
998,904,904,
999,953,953,
1000,913,913,
1001,941,941,
1002,900,900,
1003,906,906,
1004,962,962,
1005,919,919,
1006,972,972,
1007,948,948,
1008,904,904,
1009,967,967,
1010,983,983,
1011,960,960,
1012,999,999,
1013,907,907,
1014,971,971,
1015,956,956,
1016,912,912,
1017,983,983,
1018,955,955,
1019,966,966,
1020,929,929,
1021,961,961,
1022,945,945,
1023,1003,1003,
1024,992,992,
1025,943,943,
1026,892,892,
1027,1037,1037,
1028,947,947,
1029,953,953,
1030,978,978,
1031,936,936,
1032,959,959,
1033,953,953,
1034,1018,1018,
1035,984,984,
1036,1001,1001,
1037,923,923,
1038,964,964,
1039,973,973,
1040,972,972,
1041,1008,1008,
1042,953,953,
1043,983,983,
1044,1011,1011,
1045,955,955,
1046,981,981,
1047,939,939,
1048,992,992,
1049,997,997,
1050,949,949,
1051,917,917,
1052,953,953,
1053,933,933,
1054,963,963,
1055,1015,1015,
1056,928,928,
1057,998,998,
1058,957,957,
1059,1012,1012,
1060,1004,1004,
1061,999,999,
1062,973,973,
1063,975,975,
1064,1004,1004,
1065,1005,1005,
1066,1038,1038,
1067,990,990,
1068,994,994,
1069,1009,1009,
1070,1018,1018,
1071,1011,1011,
1072,976,976,
1073,991,991,
1074,1010,1010,
1075,971,971,
1076,983,983,
1077,982,982,
1078,1027,1027,
1079,989,989,
1080,1015,1015,
1081,1063,1063,
1082,1027,1027,
1083,1056,1056,
1084,1027,1027,
1085,1023,1023,
1086,1034,1034,
1087,996,996,
1088,1029,1029,
1089,1053,1053,
1090,1018,1018,
1091,1014,1014,
1092,1063,1063,
1093,1032,1032,
1094,1092,1092,
1095,965,965,
1096,986,986,
1097,1001,1001,
1098,1012,1012,
1099,1089,1089,
1100,1043,1043,
1101,1033,1033,
1102,1098,1098,
1103,1032,1032,
1104,1016,1016,
1105,1017,1017,
1106,1007,1007,
1107,1014,1014,
1108,1031,1031,
1109,1014,1014,
1110,1073,1073,
1111,1082,1082,
1112,1093,1093,
1113,1033,1033,
1114,1136,1136,
1115,1086,1086,
1116,1077,1077,
1117,1069,1069,
1118,1073,1073,
1119,1088,1088,
1120,1121,1121,
1121,1076,1076,
1122,1113,1113,
1123,1076,1076,
1124,1048,1048,
1125,1096,1096,
1126,1123,1123,
1127,1069,1069,
1128,1108,1108,
1129,1054,1054,
1130,1125,1125,
1131,1089,1089,
1132,1099,1099,
1133,1076,1076,
1134,1131,1131,
1135,1113,1113,
1136,1150,1150,
1137,1113,1113,
1138,1067,1067,
1139,1135,1135,
1140,1074,1074,
1141,1158,1158,
1142,1130,1130,
1143,1136,1136,
1144,1103,1103,
1145,1133,1133,
1146,1175,1175,
1147,1205,1205,
1148,1179,1179,
1149,1176,1176,
1150,1197,1197,
1151,1125,1125,
1152,1181,1181,
1153,1200,1200,
1154,1209,1209,
1155,1175,1175,
1156,1213,1213,
1157,1134,1134,
1158,1242,1242,
1159,1187,1187,
1160,1217,1217,
1161,1214,1214,
1162,1182,1182,
1163,1211,1211,
1164,1222,1222,
1165,1244,1244,
1166,1223,1223,
1167,1172,1172,
1168,1255,1255,
1169,1214,1214,
1170,1240,1240,
1171,1194,1194,
1172,1310,1310,
1173,1255,1255,
1174,1218,1218,
1175,1256,1256,
1176,1257,1257,
1177,1231,1231,
1178,1270,1270,
1179,1263,1263,
1180,1274,1274,
1181,1200,1200,
1182,1345,1345,
1183,1280,1280,
1184,1284,1284,
1185,1299,1299,
1186,1287,1287,
1187,1328,1328,
1188,1261,1261,
1189,1315,1315,
1190,1347,1347,
1191,1345,1345,
1192,1311,1311,
1193,1299,1299,
1194,1313,1313,
1195,1312,1312,
1196,1327,1327,
1197,1270,1270,
1198,1414,1414,
1199,1299,1299,
1200,1406,1406,
1201,1420,1420,
1202,1384,1384,
1203,1400,1400,
1204,1352,1352,
1205,1421,1421,
1206,1426,1426,
1207,1333,1333,
1208,1435,1435,
1209,1443,1443,
1210,1496,1496,
1211,1469,1469,
1212,1504,1504,
1213,1483,1483,
1214,1495,1495,
1215,1526,1526,
1216,1451,1451,
1217,1459,1459,
1218,1398,1398,
1219,1476,1476,
1220,1458,1458,
1221,1449,1449,
1222,1437,1437,
1223,1483,1483,
1224,1412,1412,
1225,1436,1436,
1226,1484,1484,
1227,1543,1543,
1228,1507,1507,
1229,1442,1442,
1230,1457,1457,
1231,1468,1468,
1232,1429,1429,
1233,1424,1424,
1234,1531,1531,
1235,1506,1506,
1236,1529,1529,
1237,1545,1545,
1238,1526,1526,
1239,1522,1522,
1240,1479,1479,
1241,1492,1492,
1242,1546,1546,
1243,1516,1516,
1244,1516,1516,
1245,1537,1537,
1246,1579,1579,
1247,1548,1548,
1248,1544,1544,
1249,1549,1549,
1250,1574,1574,
1251,1565,1565,
1252,1549,1549,
1253,1576,1576,
1254,1525,1525,
1255,1450,1450,
1256,1450,1450,
1257,1461,1461,
1258,1321,1321,
1259,1348,1348,
1260,1301,1301,
1261,1406,1406,
1262,1213,1213,
1263,1230,1230,
1264,1232,1232,
1265,1132,1132,
1266,1151,1151,
1267,1159,1159,
1268,1101,1101,
1269,1110,1110,
1270,1052,1052,
1271,1087,1087,
1272,1090,1090,
1273,978,978,
1274,971,971,
1275,1028,1028,
1276,1078,1078,
1277,999,999,
1278,1090,1090,
1279,941,941,
1280,1014,1014,
1281,995,995,
1282,1022,1022,
1283,966,966,
1284,969,969,
1285,1005,1005,
1286,964,964,
1287,1002,1002,
1288,977,977,
1289,902,902,
1290,932,932,
1291,953,953,
1292,882,882,
1293,941,941,
1294,917,917,
1295,959,959,
1296,947,947,
1297,909,909,
1298,912,912,
1299,845,845,
1300,904,904,
1301,949,949,
1302,893,893,
1303,886,886,
1304,893,893,
1305,932,932,
1306,894,894,
1307,833,833,
1308,904,904,
1309,871,871,
1310,861,861,
1311,828,828,
1312,799,799,
1313,813,813,
1314,918,918,
1315,839,839,
1316,881,881,
1317,824,824,
1318,858,858,
1319,842,842,
1320,845,845,
1321,826,826,
1322,791,791,
1323,909,909,
1324,842,842,
1325,818,818,
1326,801,801,
1327,863,863,
1328,821,821,
1329,818,818,
1330,789,789,
1331,774,774,
1332,788,788,
1333,771,771,
1334,776,776,
1335,795,795,
1336,823,823,
1337,755,755,
1338,766,766,
1339,761,761,
1340,718,718,
1341,750,750,
1342,748,748,
1343,728,728,
1344,724,724,
1345,770,770,
1346,739,739,
1347,690,690,
1348,686,686,
1349,772,772,
1350,677,677,
1351,700,700,
1352,692,692,
1353,677,677,
1354,733,733,
1355,685,685,
1356,712,712,
1357,689,689,
1358,665,665,
1359,661,661,
1360,678,678,
1361,603,603,
1362,647,647,
1363,671,671,
1364,621,621,
1365,615,615,
1366,606,606,
1367,630,630,
1368,568,568,
1369,557,557,
1370,602,602,
1371,597,597,
1372,586,586,
1373,577,577,
1374,555,555,
1375,564,564,
1376,593,593,
1377,547,547,
1378,539,539,
1379,535,535,
1380,550,550,
1381,517,517,
1382,542,542,
1383,499,499,
1384,521,521,
1385,529,529,
1386,498,498,
1387,551,551,
1388,528,528,
1389,501,501,
1390,494,494,
1391,566,566,
1392,514,514,
1393,549,549,
1394,494,494,
1395,504,504,
1396,499,499,
1397,500,500,
1398,505,505,
1399,456,456,
1400,439,439,
1401,449,449,
1402,404,404,
1403,470,470,
1404,440,440,
1405,426,426,
1406,453,453,
1407,446,446,
1408,421,421,
1409,458,458,
1410,410,410,
1411,400,400,
1412,453,453,
1413,418,418,
1414,463,463,
1415,447,447,
1416,450,450,
1417,425,425,
1418,428,428,
1419,400,400,
1420,434,434,
1421,418,418,
1422,398,398,
1423,436,436,
1424,388,388,
1425,406,406,
1426,396,396,
1427,436,436,
1428,415,415,
1429,420,420,
1430,452,452,
1431,398,398,
1432,392,392,
1433,419,419,
1434,412,412,
1435,397,397,
1436,415,415,
1437,398,398,
1438,375,375,
1439,433,433,
1440,404,404,
1441,364,364,
1442,415,415,
1443,383,383,
1444,407,407,
1445,438,438,
1446,421,421,
1447,415,415,
1448,377,377,
1449,384,384,
1450,379,379,
1451,365,365,
1452,418,418,
1453,387,387,
1454,399,399,
1455,405,405,
1456,409,409,
1457,394,394,
1458,396,396,
1459,399,399,
1460,385,385,
1461,397,397,
1462,416,416,
1463,432,432,
1464,367,367,
1465,393,393,
1466,408,408,
1467,389,389,
1468,437,437,
1469,369,369,
1470,414,414,
1471,394,394,
1472,377,377,
1473,351,351,
1474,392,392,
1475,353,353,
1476,400,400,
1477,382,382,
1478,382,382,
1479,372,372,
1480,397,397,
1481,399,399,
1482,394,394,
1483,383,383,
1484,373,373,
1485,384,384,
1486,358,358,
1487,391,391,
1488,369,369,
1489,390,390,
1490,401,401,
1491,435,435,
1492,376,376,
1493,431,431,
1494,427,427,
1495,455,455,
1496,468,468,
1497,506,506,
1498,532,532,
1499,584,584,
1500,598,598,
1501,660,660,
1502,816,816,
1503,806,806,
1504,988,988,
1505,1098,1098,
1506,1197,1197,
1507,1476,1476,
1508,1869,1869,
1509,2477,2477,
1510,3485,3485,
1511,5450,5450,
1512,9108,9108,
1513,14803,14803,
1514,20022,20022,
1515,19339,19339,
1516,13416,13416,
1517,7012,7012,
1518,3289,3289,
1519,1740,1740,
1520,1115,1115,
1521,828,828,
1522,717,717,
1523,672,672,
1524,661,661,
1525,650,650,
1526,604,604,
1527,554,554,
1528,585,585,
1529,549,549,
1530,495,495,
1531,536,536,
1532,491,491,
1533,501,501,
1534,457,457,
1535,505,505,
1536,505,505,
1537,503,503,
1538,466,466,
1539,453,453,
1540,474,474,
1541,433,433,
1542,474,474,
1543,443,443,
1544,396,396,
1545,430,430,
1546,417,417,
1547,414,414,
1548,404,404,
1549,392,392,
1550,426,426,
1551,400,400,
1552,416,416,
1553,383,383,
1554,424,424,
1555,394,394,
1556,402,402,
1557,405,405,
1558,375,375,
1559,403,403,
1560,399,399,
1561,394,394,
1562,382,382,
1563,366,366,
1564,368,368,
1565,377,377,
1566,386,386,
1567,357,357,
1568,398,398,
1569,359,359,
1570,377,377,
1571,378,378,
1572,356,356,
1573,367,367,
1574,354,354,
1575,388,388,
1576,363,363,
1577,402,402,
1578,353,353,
1579,345,345,
1580,367,367,
1581,356,356,
1582,327,327,
1583,350,350,
1584,349,349,
1585,330,330,
1586,349,349,
1587,340,340,
1588,330,330,
1589,313,313,
1590,344,344,
1591,358,358,
1592,358,358,
1593,310,310,
1594,317,317,
1595,311,311,
1596,298,298,
1597,338,338,
1598,347,347,
1599,307,307,
1600,355,355,
1601,332,332,
1602,337,337,
1603,358,358,
1604,325,325,
1605,352,352,
1606,288,288,
1607,317,317,
1608,317,317,
1609,298,298,
1610,295,295,
1611,318,318,
1612,314,314,
1613,300,300,
1614,301,301,
1615,314,314,
1616,323,323,
1617,289,289,
1618,315,315,
1619,305,305,
1620,334,334,
1621,348,348,
1622,277,277,
1623,303,303,
1624,273,273,
1625,301,301,
1626,332,332,
1627,284,284,
1628,311,311,
1629,310,310,
1630,301,301,
1631,327,327,
1632,281,281,
1633,323,323,
1634,352,352,
1635,274,274,
1636,276,276,
1637,343,343,
1638,313,313,
1639,310,310,
1640,271,271,
1641,269,269,
1642,286,286,
1643,297,297,
1644,332,332,
1645,264,264,
1646,254,254,
1647,264,264,
1648,278,278,
1649,291,291,
1650,294,294,
1651,243,243,
1652,293,293,
1653,303,303,
1654,280,280,
1655,289,289,
1656,267,267,
1657,259,259,
1658,301,301,
1659,314,314,
1660,274,274,
1661,272,272,
1662,260,260,
1663,277,277,
1664,275,275,
1665,271,271,
1666,289,289,
1667,238,238,
1668,280,280,
1669,273,273,
1670,261,261,
1671,262,262,
1672,279,279,
1673,230,230,
1674,293,293,
1675,267,267,
1676,275,275,
1677,263,263,
1678,230,230,
1679,287,287,
1680,262,262,
1681,254,254,
1682,249,249,
1683,259,259,
1684,255,255,
1685,266,266,
1686,237,237,
1687,254,254,
1688,244,244,
1689,222,222,
1690,279,279,
1691,275,275,
1692,255,255,
1693,227,227,
1694,251,251,
1695,242,242,
1696,241,241,
1697,277,277,
1698,251,251,
1699,256,256,
1700,266,266,
1701,254,254,
1702,239,239,
1703,227,227,
1704,257,257,
1705,206,206,
1706,235,235,
1707,233,233,
1708,240,240,
1709,252,252,
1710,253,253,
1711,248,248,
1712,222,222,
1713,246,246,
1714,247,247,
1715,215,215,
1716,253,253,
1717,223,223,
1718,224,224,
1719,233,233,
1720,239,239,
1721,277,277,
1722,228,228,
1723,229,229,
1724,294,294,
1725,275,275,
1726,255,255,
1727,220,220,
1728,269,269,
1729,243,243,
1730,250,250,
1731,259,259,
1732,243,243,
1733,244,244,
1734,278,278,
1735,313,313,
1736,323,323,
1737,326,326,
1738,300,300,
1739,255,255,
1740,266,266,
1741,252,252,
1742,203,203,
1743,232,232,
1744,242,242,
1745,286,286,
1746,251,251,
1747,221,221,
1748,233,233,
1749,229,229,
1750,249,249,
1751,238,238,
1752,223,223,
1753,204,204,
1754,208,208,
1755,249,249,
1756,224,224,
1757,212,212,
1758,209,209,
1759,220,220,
1760,243,243,
1761,247,247,
1762,215,215,
1763,230,230,
1764,223,223,
1765,251,251,
1766,203,203,
1767,231,231,
1768,251,251,
1769,183,183,
1770,231,231,
1771,211,211,
1772,219,219,
1773,221,221,
1774,201,201,
1775,229,229,
1776,225,225,
1777,220,220,
1778,215,215,
1779,210,210,
1780,217,217,
1781,236,236,
1782,224,224,
1783,217,217,
1784,189,189,
1785,230,230,
1786,205,205,
1787,223,223,
1788,196,196,
1789,210,210,
1790,241,241,
1791,206,206,
1792,230,230,
1793,219,219,
1794,197,197,
1795,236,236,
1796,203,203,
1797,225,225,
1798,218,218,
1799,206,206,
1800,221,221,
1801,215,215,
1802,196,196,
1803,210,210,
1804,205,205,
1805,205,205,
1806,246,246,
1807,209,209,
1808,198,198,
1809,213,213,
1810,211,211,
1811,230,230,
1812,213,213,
1813,206,206,
1814,197,197,
1815,232,232,
1816,214,214,
1817,191,191,
1818,209,209,
1819,198,198,
1820,225,225,
1821,227,227,
1822,220,220,
1823,199,199,
1824,208,208,
1825,210,210,
1826,195,195,
1827,202,202,
1828,195,195,
1829,214,214,
1830,225,225,
1831,240,240,
1832,200,200,
1833,223,223,
1834,199,199,
1835,230,230,
1836,204,204,
1837,193,193,
1838,231,231,
1839,206,206,
1840,213,213,
1841,228,228,
1842,193,193,
1843,201,201,
1844,211,211,
1845,210,210,
1846,209,209,
1847,233,233,
1848,217,217,
1849,219,219,
1850,211,211,
1851,199,199,
1852,231,231,
1853,218,218,
1854,218,218,
1855,223,223,
1856,230,230,
1857,195,195,
1858,222,222,
1859,208,208,
1860,192,192,
1861,183,183,
1862,222,222,
1863,229,229,
1864,212,212,
1865,211,211,
1866,182,182,
1867,212,212,
1868,208,208,
1869,210,210,
1870,222,222,
1871,203,203,
1872,201,201,
1873,183,183,
1874,186,186,
1875,174,174,
1876,200,200,
1877,185,185,
1878,187,187,
1879,174,174,
1880,176,176,
1881,198,198,
1882,168,168,
1883,182,182,
1884,196,196,
1885,181,181,
1886,171,171,
1887,171,171,
1888,185,185,
1889,174,174,
1890,216,216,
1891,175,175,
1892,188,188,
1893,196,196,
1894,164,164,
1895,168,168,
1896,178,178,
1897,158,158,
1898,154,154,
1899,169,169,
1900,193,193,
1901,160,160,
1902,185,185,
1903,181,181,
1904,186,186,
1905,160,160,
1906,169,169,
1907,188,188,
1908,182,182,
1909,164,164,
1910,178,178,
1911,161,161,
1912,146,146,
1913,164,164,
1914,190,190,
1915,153,153,
1916,156,156,
1917,160,160,
1918,152,152,
1919,156,156,
1920,144,144,
1921,140,140,
1922,136,136,
1923,136,136,
1924,161,161,
1925,119,119,
1926,129,129,
1927,145,145,
1928,118,118,
1929,122,122,
1930,118,118,
1931,135,135,
1932,129,129,
1933,139,139,
1934,142,142,
1935,115,115,
1936,121,121,
1937,137,137,
1938,137,137,
1939,120,120,
1940,114,114,
1941,132,132,
1942,106,106,
1943,109,109,
1944,108,108,
1945,116,116,
1946,125,125,
1947,91,91,
1948,100,100,
1949,111,111,
1950,92,92,
1951,99,99,
1952,115,115,
1953,120,120,
1954,120,120,
1955,109,109,
1956,111,111,
1957,105,105,
1958,79,79,
1959,100,100,
1960,80,80,
1961,95,95,
1962,85,85,
1963,101,101,
1964,97,97,
1965,94,94,
1966,95,95,
1967,109,109,
1968,96,96,
1969,82,82,
1970,94,94,
1971,79,79,
1972,94,94,
1973,86,86,
1974,102,102,
1975,106,106,
1976,87,87,
1977,89,89,
1978,98,98,
1979,82,82,
1980,89,89,
1981,91,91,
1982,106,106,
1983,87,87,
1984,74,74,
1985,86,86,
1986,76,76,
1987,89,89,
1988,75,75,
1989,84,84,
1990,76,76,
1991,81,81,
1992,77,77,
1993,75,75,
1994,88,88,
1995,73,73,
1996,83,83,
1997,83,83,
1998,69,69,
1999,65,65,
2000,63,63,
2001,69,69,
2002,81,81,
2003,83,83,
2004,68,68,
2005,58,58,
2006,81,81,
2007,56,56,
2008,73,73,
2009,59,59,
2010,70,70,
2011,83,83,
2012,59,59,
2013,80,80,
2014,65,65,
2015,70,70,
2016,71,71,
2017,82,82,
2018,62,62,
2019,68,68,
2020,71,71,
2021,74,74,
2022,67,67,
2023,81,81,
2024,58,58,
2025,55,55,
2026,63,63,
2027,67,67,
2028,79,79,
2029,77,77,
2030,64,64,
2031,62,62,
2032,76,76,
2033,57,57,
2034,56,56,
2035,71,71,
2036,70,70,
2037,60,60,
2038,60,60,
2039,61,61,
2040,55,55,
2041,73,73,
2042,53,53,
2043,61,61,
2044,50,50,
2045,69,69,
2046,54,54,
2047,63,63,
2048,65,65,
2049,58,58,
2050,63,63,
2051,63,63,
2052,55,55,
2053,60,60,
2054,58,58,
2055,65,65,
2056,61,61,
2057,54,54,
2058,66,66,
2059,62,62,
2060,57,57,
2061,49,49,
2062,50,50,
2063,45,45,
2064,53,53,
2065,56,56,
2066,56,56,
2067,71,71,
2068,60,60,
2069,50,50,
2070,49,49,
2071,64,64,
2072,61,61,
2073,60,60,
2074,49,49,
2075,57,57,
2076,60,60,
2077,65,65,
2078,72,72,
2079,50,50,
2080,49,49,
2081,47,47,
2082,72,72,
2083,48,48,
2084,62,62,
2085,53,53,
2086,57,57,
2087,47,47,
2088,48,48,
2089,63,63,
2090,48,48,
2091,62,62,
2092,52,52,
2093,52,52,
2094,57,57,
2095,58,58,
2096,56,56,
2097,70,70,
2098,48,48,
2099,63,63,
2100,58,58,
2101,62,62,
2102,76,76,
2103,67,67,
2104,62,62,
2105,69,69,
2106,65,65,
2107,54,54,
2108,67,67,
2109,57,57,
2110,89,89,
2111,83,83,
2112,78,78,
2113,95,95,
2114,92,92,
2115,111,111,
2116,146,146,
2117,164,164,
2118,195,195,
2119,284,284,
2120,441,441,
2121,628,628,
2122,808,808,
2123,950,950,
2124,936,936,
2125,794,794,
2126,544,544,
2127,333,333,
2128,151,151,
2129,103,103,
2130,80,80,
2131,64,64,
2132,54,54,
2133,65,65,
2134,49,49,
2135,42,42,
2136,53,53,
2137,42,42,
2138,34,34,
2139,43,43,
2140,43,43,
2141,37,37,
2142,45,45,
2143,45,45,
2144,29,29,
2145,30,30,
2146,41,41,
2147,47,47,
2148,35,35,
2149,35,35,
2150,42,42,
2151,53,53,
2152,37,37,
2153,34,34,
2154,35,35,
2155,29,29,
2156,38,38,
2157,33,33,
2158,54,54,
2159,26,26,
2160,39,39,
2161,52,52,
2162,37,37,
2163,40,40,
2164,38,38,
2165,36,36,
2166,36,36,
2167,34,34,
2168,27,27,
2169,27,27,
2170,39,39,
2171,31,31,
2172,26,26,
2173,30,30,
2174,30,30,
2175,30,30,
2176,42,42,
2177,38,38,
2178,27,27,
2179,29,29,
2180,31,31,
2181,27,27,
2182,39,39,
2183,38,38,
2184,27,27,
2185,28,28,
2186,31,31,
2187,44,44,
2188,30,30,
2189,29,29,
2190,19,19,
2191,32,32,
2192,35,35,
2193,24,24,
2194,35,35,
2195,27,27,
2196,28,28,
2197,25,25,
2198,22,22,
2199,21,21,
2200,34,34,
2201,29,29,
2202,31,31,
2203,25,25,
2204,34,34,
2205,31,31,
2206,25,25,
2207,24,24,
2208,27,27,
2209,31,31,
2210,30,30,
2211,33,33,
2212,36,36,
2213,24,24,
2214,26,26,
2215,30,30,
2216,34,34,
2217,30,30,
2218,32,32,
2219,25,25,
2220,29,29,
2221,31,31,
2222,29,29,
2223,27,27,
2224,27,27,
2225,29,29,
2226,23,23,
2227,38,38,
2228,30,30,
2229,21,21,
2230,23,23,
2231,24,24,
2232,36,36,
2233,31,31,
2234,32,32,
2235,33,33,
2236,27,27,
2237,25,25,
2238,27,27,
2239,28,28,
2240,28,28,
2241,20,20,
2242,21,21,
2243,38,38,
2244,30,30,
2245,28,28,
2246,28,28,
2247,21,21,
2248,21,21,
2249,27,27,
2250,25,25,
2251,21,21,
2252,27,27,
2253,21,21,
2254,25,25,
2255,11,11,
2256,24,24,
2257,25,25,
2258,25,25,
2259,30,30,
2260,23,23,
2261,25,25,
2262,22,22,
2263,21,21,
2264,27,27,
2265,26,26,
2266,23,23,
2267,22,22,
2268,25,25,
2269,18,18,
2270,26,26,
2271,15,15,
2272,30,30,
2273,18,18,
2274,28,28,
2275,22,22,
2276,24,24,
2277,23,23,
2278,29,29,
2279,24,24,
2280,22,22,
2281,32,32,
2282,18,18,
2283,21,21,
2284,20,20,
2285,16,16,
2286,23,23,
2287,26,26,
2288,33,33,
2289,31,31,
2290,22,22,
2291,29,29,
2292,32,32,
2293,25,25,
2294,23,23,
2295,22,22,
2296,21,21,
2297,32,32,
2298,20,20,
2299,19,19,
2300,24,24,
2301,18,18,
2302,29,29,
2303,21,21,
2304,21,21,
2305,23,23,
2306,17,17,
2307,23,23,
2308,24,24,
2309,19,19,
2310,21,21,
2311,16,16,
2312,22,22,
2313,22,22,
2314,24,24,
2315,21,21,
2316,20,20,
2317,11,11,
2318,33,33,
2319,18,18,
2320,21,21,
2321,19,19,
2322,21,21,
2323,24,24,
2324,22,22,
2325,27,27,
2326,22,22,
2327,25,25,
2328,28,28,
2329,23,23,
2330,19,19,
2331,16,16,
2332,22,22,
2333,22,22,
2334,25,25,
2335,15,15,
2336,22,22,
2337,21,21,
2338,18,18,
2339,17,17,
2340,22,22,
2341,21,21,
2342,24,24,
2343,16,16,
2344,19,19,
2345,21,21,
2346,16,16,
2347,17,17,
2348,15,15,
2349,16,16,
2350,18,18,
2351,17,17,
2352,23,23,
2353,16,16,
2354,18,18,
2355,21,21,
2356,17,17,
2357,21,21,
2358,28,28,
2359,17,17,
2360,20,20,
2361,13,13,
2362,11,11,
2363,16,16,
2364,29,29,
2365,13,13,
2366,16,16,
2367,18,18,
2368,19,19,
2369,19,19,
2370,19,19,
2371,16,16,
2372,14,14,
2373,16,16,
2374,25,25,
2375,15,15,
2376,9,9,
2377,13,13,
2378,18,18,
2379,19,19,
2380,16,16,
2381,18,18,
2382,17,17,
2383,25,25,
2384,18,18,
2385,15,15,
2386,23,23,
2387,23,23,
2388,17,17,
2389,15,15,
2390,16,16,
2391,19,19,
2392,16,16,
2393,12,12,
2394,17,17,
2395,12,12,
2396,21,21,
2397,19,19,
2398,19,19,
2399,14,14,
2400,18,18,
2401,12,12,
2402,20,20,
2403,16,16,
2404,19,19,
2405,24,24,
2406,17,17,
2407,20,20,
2408,16,16,
2409,20,20,
2410,19,19,
2411,16,16,
2412,16,16,
2413,12,12,
2414,13,13,
2415,13,13,
2416,21,21,
2417,19,19,
2418,15,15,
2419,16,16,
2420,17,17,
2421,12,12,
2422,10,10,
2423,14,14,
2424,21,21,
2425,9,9,
2426,16,16,
2427,17,17,
2428,17,17,
2429,15,15,
2430,10,10,
2431,10,10,
2432,21,21,
2433,15,15,
2434,22,22,
2435,10,10,
2436,13,13,
2437,22,22,
2438,12,12,
2439,12,12,
2440,22,22,
2441,17,17,
2442,10,10,
2443,13,13,
2444,19,19,
2445,10,10,
2446,11,11,
2447,10,10,
2448,19,19,
2449,10,10,
2450,14,14,
2451,13,13,
2452,16,16,
2453,12,12,
2454,14,14,
2455,14,14,
2456,12,12,
2457,17,17,
2458,11,11,
2459,8,8,
2460,15,15,
2461,14,14,
2462,11,11,
2463,23,23,
2464,11,11,
2465,24,24,
2466,11,11,
2467,19,19,
2468,14,14,
2469,11,11,
2470,21,21,
2471,12,12,
2472,25,25,
2473,15,15,
2474,10,10,
2475,13,13,
2476,15,15,
2477,19,19,
2478,8,8,
2479,17,17,
2480,17,17,
2481,12,12,
2482,6,6,
2483,12,12,
2484,12,12,
2485,9,9,
2486,14,14,
2487,15,15,
2488,15,15,
2489,12,12,
2490,19,19,
2491,19,19,
2492,14,14,
2493,11,11,
2494,20,20,
2495,13,13,
2496,12,12,
2497,11,11,
2498,13,13,
2499,12,12,
2500,16,16,
2501,20,20,
2502,10,10,
2503,21,21,
2504,13,13,
2505,11,11,
2506,12,12,
2507,12,12,
2508,14,14,
2509,13,13,
2510,13,13,
2511,20,20,
2512,11,11,
2513,8,8,
2514,10,10,
2515,13,13,
2516,20,20,
2517,13,13,
2518,17,17,
2519,11,11,
2520,14,14,
2521,9,9,
2522,8,8,
2523,13,13,
2524,11,11,
2525,9,9,
2526,13,13,
2527,13,13,
2528,8,8,
2529,5,5,
2530,8,8,
2531,17,17,
2532,8,8,
2533,7,7,
2534,8,8,
2535,12,12,
2536,7,7,
2537,12,12,
2538,11,11,
2539,14,14,
2540,14,14,
2541,12,12,
2542,14,14,
2543,12,12,
2544,12,12,
2545,14,14,
2546,10,10,
2547,10,10,
2548,12,12,
2549,7,7,
2550,4,4,
2551,14,14,
2552,11,11,
2553,20,20,
2554,12,12,
2555,11,11,
2556,7,7,
2557,13,13,
2558,16,16,
2559,17,17,
2560,5,5,
2561,12,12,
2562,9,9,
2563,9,9,
2564,10,10,
2565,7,7,
2566,11,11,
2567,12,12,
2568,7,7,
2569,7,7,
2570,16,16,
2571,11,11,
2572,15,15,
2573,7,7,
2574,7,7,
2575,15,15,
2576,10,10,
2577,8,8,
2578,6,6,
2579,15,15,
2580,13,13,
2581,20,20,
2582,12,12,
2583,6,6,
2584,15,15,
2585,14,14,
2586,13,13,
2587,7,7,
2588,10,10,
2589,6,6,
2590,5,5,
2591,14,14,
2592,7,7,
2593,10,10,
2594,7,7,
2595,3,3,
2596,11,11,
2597,13,13,
2598,9,9,
2599,13,13,
2600,4,4,
2601,9,9,
2602,6,6,
2603,12,12,
2604,9,9,
2605,10,10,
2606,13,13,
2607,16,16,
2608,11,11,
2609,17,17,
2610,9,9,
2611,12,12,
2612,9,9,
2613,8,8,
2614,9,9,
2615,9,9,
2616,12,12,
2617,10,10,
2618,14,14,
2619,6,6,
2620,9,9,
2621,7,7,
2622,11,11,
2623,11,11,
2624,9,9,
2625,15,15,
2626,8,8,
2627,9,9,
2628,7,7,
2629,3,3,
2630,15,15,
2631,7,7,
2632,9,9,
2633,9,9,
2634,13,13,
2635,12,12,
2636,6,6,
2637,6,6,
2638,13,13,
2639,12,12,
2640,10,10,
2641,11,11,
2642,8,8,
2643,7,7,
2644,5,5,
2645,12,12,
2646,14,14,
2647,9,9,
2648,8,8,
2649,8,8,
2650,14,14,
2651,7,7,
2652,8,8,
2653,5,5,
2654,9,9,
2655,11,11,
2656,10,10,
2657,7,7,
2658,9,9,
2659,12,12,
2660,8,8,
2661,4,4,
2662,13,13,
2663,13,13,
2664,9,9,
2665,8,8,
2666,11,11,
2667,13,13,
2668,6,6,
2669,7,7,
2670,8,8,
2671,14,14,
2672,9,9,
2673,13,13,
2674,8,8,
2675,9,9,
2676,10,10,
2677,6,6,
2678,7,7,
2679,8,8,
2680,16,16,
2681,12,12,
2682,7,7,
2683,5,5,
2684,10,10,
2685,4,4,
2686,9,9,
2687,6,6,
2688,6,6,
2689,9,9,
2690,13,13,
2691,9,9,
2692,3,3,
2693,17,17,
2694,7,7,
2695,6,6,
2696,11,11,
2697,11,11,
2698,6,6,
2699,10,10,
2700,5,5,
2701,12,12,
2702,8,8,
2703,6,6,
2704,10,10,
2705,10,10,
2706,10,10,
2707,9,9,
2708,5,5,
2709,9,9,
2710,8,8,
2711,7,7,
2712,10,10,
2713,7,7,
2714,8,8,
2715,11,11,
2716,12,12,
2717,11,11,
2718,7,7,
2719,4,4,
2720,7,7,
2721,9,9,
2722,8,8,
2723,12,12,
2724,8,8,
2725,6,6,
2726,5,5,
2727,9,9,
2728,10,10,
2729,10,10,
2730,11,11,
2731,8,8,
2732,13,13,
2733,7,7,
2734,7,7,
2735,11,11,
2736,10,10,
2737,7,7,
2738,7,7,
2739,4,4,
2740,10,10,
2741,10,10,
2742,6,6,
2743,3,3,
2744,6,6,
2745,12,12,
2746,9,9,
2747,2,2,
2748,5,5,
2749,8,8,
2750,8,8,
2751,4,4,
2752,8,8,
2753,10,10,
2754,8,8,
2755,6,6,
2756,7,7,
2757,10,10,
2758,8,8,
2759,6,6,
2760,4,4,
2761,3,3,
2762,6,6,
2763,10,10,
2764,7,7,
2765,3,3,
2766,6,6,
2767,9,9,
2768,5,5,
2769,6,6,
2770,7,7,
2771,8,8,
2772,7,7,
2773,6,6,
2774,5,5,
2775,4,4,
2776,7,7,
2777,4,4,
2778,7,7,
2779,3,3,
2780,10,10,
2781,7,7,
2782,4,4,
2783,4,4,
2784,8,8,
2785,6,6,
2786,2,2,
2787,9,9,
2788,8,8,
2789,10,10,
2790,5,5,
2791,4,4,
2792,3,3,
2793,9,9,
2794,7,7,
2795,6,6,
2796,5,5,
2797,4,4,
2798,9,9,
2799,10,10,
2800,9,9,
2801,4,4,
2802,5,5,
2803,7,7,
2804,9,9,
2805,3,3,
2806,8,8,
2807,3,3,
2808,6,6,
2809,5,5,
2810,2,2,
2811,6,6,
2812,7,7,
2813,6,6,
2814,8,8,
2815,1,1,
2816,3,3,
2817,7,7,
2818,8,8,
2819,6,6,
2820,,0,
2821,4,4,
2822,7,7,
2823,2,2,
2824,5,5,
2825,,0,
2826,7,7,
2827,7,7,
2828,5,5,
2829,5,5,
2830,7,7,
2831,5,5,
2832,6,6,
2833,6,6,
2834,5,5,
2835,4,4,
2836,8,8,
2837,3,3,
2838,5,5,
2839,4,4,
2840,3,3,
2841,4,4,
2842,7,7,
2843,9,9,
2844,6,6,
2845,6,6,
2846,6,6,
2847,9,9,
2848,2,2,
2849,4,4,
2850,5,5,
2851,6,6,
2852,4,4,
2853,5,5,
2854,2,2,
2855,9,9,
2856,4,4,
2857,5,5,
2858,2,2,
2859,10,10,
2860,3,3,
2861,2,2,
2862,4,4,
2863,2,2,
2864,3,3,
2865,4,4,
2866,4,4,
2867,4,4,
2868,3,3,
2869,7,7,
2870,5,5,
2871,2,2,
2872,6,6,
2873,4,4,
2874,5,5,
2875,8,8,
2876,4,4,
2877,6,6,
2878,7,7,
2879,,0,
2880,2,2,
2881,8,8,
2882,7,7,
2883,3,3,
2884,2,2,
2885,4,4,
2886,5,5,
2887,7,7,
2888,2,2,
2889,2,2,
2890,4,4,
2891,5,5,
2892,5,5,
2893,5,5,
2894,1,1,
2895,4,4,
2896,5,5,
2897,4,4,
2898,7,7,
2899,6,6,
2900,6,6,
2901,6,6,
2902,3,3,
2903,5,5,
2904,3,3,
2905,5,5,
2906,8,8,
2907,5,5,
2908,2,2,
2909,3,3,
2910,1,1,
2911,4,4,
2912,4,4,
2913,4,4,
2914,3,3,
2915,3,3,
2916,5,5,
2917,5,5,
2918,2,2,
2919,4,4,
2920,2,2,
2921,3,3,
2922,3,3,
2923,4,4,
2924,3,3,
2925,4,4,
2926,,0,
2927,4,4,
2928,2,2,
2929,3,3,
2930,2,2,
2931,6,6,
2932,2,2,
2933,4,4,
2934,3,3,
2935,4,4,
2936,3,3,
2937,2,2,
2938,8,8,
2939,,0,
2940,3,3,
2941,8,8,
2942,3,3,
2943,3,3,
2944,3,3,
2945,4,4,
2946,2,2,
2947,1,1,
2948,8,8,
2949,2,2,
2950,3,3,
2951,3,3,
2952,6,6,
2953,3,3,
2954,1,1,
2955,3,3,
2956,2,2,
2957,,0,
2958,1,1,
2959,8,8,
2960,4,4,
2961,6,6,
2962,4,4,
2963,3,3,
2964,6,6,
2965,2,2,
2966,4,4,
2967,6,6,
2968,2,2,
2969,6,6,
2970,3,3,
2971,7,7,
2972,6,6,
2973,,0,
2974,4,4,
2975,5,5,
2976,6,6,
2977,3,3,
2978,3,3,
2979,3,3,
2980,1,1,
2981,4,4,
2982,3,3,
2983,4,4,
2984,4,4,
2985,3,3,
2986,6,6,
2987,4,4,
2988,,0,
2989,2,2,
2990,1,1,
2991,1,1,
2992,6,6,
2993,2,2,
2994,3,3,
2995,3,3,
2996,1,1,
2997,7,7,
2998,4,4,
2999,3,3,
3000,3,3,
3001,,0,
3002,4,4,
3003,1,1,
3004,2,2,
3005,1,1,
3006,4,4,
3007,1,1,
3008,1,1,
3009,2,2,
3010,1,1,
3011,4,4,
3012,4,4,
3013,2,2,
3014,2,2,
3015,2,2,
3016,4,4,
3017,2,2,
3018,4,4,
3019,7,7,
3020,4,4,
3021,4,4,
3022,5,5,
3023,4,4,
3024,5,5,
3025,4,4,
3026,4,4,
3027,6,6,
3028,,0,
3029,3,3,
3030,8,8,
3031,2,2,
3032,7,7,
3033,4,4,
3034,3,3,
3035,6,6,
3036,1,1,
3037,1,1,
3038,2,2,
3039,3,3,
3040,3,3,
3041,1,1,
3042,3,3,
3043,3,3,
3044,5,5,
3045,3,3,
3046,3,3,
3047,,0,
3048,1,1,
3049,2,2,
3050,3,3,
3051,1,1,
3052,,0,
3053,2,2,
3054,2,2,
3055,,0,
3056,2,2,
3057,1,1,
3058,3,3,
3059,4,4,
3060,3,3,
3061,1,1,
3062,3,3,
3063,2,2,
3064,1,1,
3065,2,2,
3066,3,3,
3067,3,3,
3068,2,2,
3069,3,3,
3070,1,1,
3071,,0,
3072,1,1,
3073,3,3,
3074,,0,
3075,4,4,
3076,1,1,
3077,3,3,
3078,3,3,
3079,2,2,
3080,1,1,
3081,2,2,
3082,1,1,
3083,4,4,
3084,2,2,
3085,2,2,
3086,4,4,
3087,1,1,
3088,1,1,
3089,1,1,
3090,3,3,
3091,1,1,
3092,2,2,
3093,3,3,
3094,1,1,
3095,3,3,
3096,4,4,
3097,3,3,
3098,,0,
3099,2,2,
3100,4,4,
3101,3,3,
3102,2,2,
3103,2,2,
3104,3,3,
3105,3,3,
3106,2,2,
3107,3,3,
3108,7,7,
3109,3,3,
3110,8,8,
3111,4,4,
3112,12,12,
3113,7,7,
3114,5,5,
3115,4,4,
3116,2,2,
3117,7,7,
3118,,0,
3119,,0,
3120,,0,
3121,5,5,
3122,1,1,
3123,,0,
3124,3,3,
3125,1,1,
3126,,0,
3127,3,3,
3128,2,2,
3129,1,1,
3130,1,1,
3131,2,2,
3132,,0,
3133,3,3,
3134,2,2,
3135,1,1,
3136,1,1,
3137,4,4,
3138,3,3,
3139,1,1,
3140,2,2,
3141,5,5,
3142,,0,
3143,1,1,
3144,1,1,
3145,2,2,
3146,1,1,
3147,1,1,
3148,3,3,
3149,,0,
3150,1,1,
3151,1,1,
3152,1,1,
3153,1,1,
3154,1,1,
3155,2,2,
3156,4,4,
3157,1,1,
3158,2,2,
3159,3,3,
3160,,0,
3161,1,1,
3162,1,1,
3163,1,1,
3164,1,1,
3165,3,3,
3166,4,4,
3167,,0,
3168,2,2,
3169,2,2,
3170,1,1,
3171,4,4,
3172,2,2,
3173,2,2,
3174,2,2,
3175,1,1,
3176,,0,
3177,1,1,
3178,2,2,
3179,2,2,
3180,1,1,
3181,2,2,
3182,1,1,
3183,1,1,
3184,2,2,
3185,1,1,
3186,1,1,
3187,2,2,
3188,2,2,
3189,2,2,
3190,3,3,
3191,4,4,
3192,2,2,
3193,1,1,
3194,6,6,
3195,2,2,
3196,4,4,
3197,,0,
3198,1,1,
3199,2,2,
3200,1,1,
3201,4,4,
3202,1,1,
3203,2,2,
3204,1,1,
3205,,0,
3206,3,3,
3207,1,1,
3208,2,2,
3209,1,1,
3210,2,2,
3211,3,3,
3212,1,1,
3213,2,2,
3214,1,1,
3215,2,2,
3216,1,1,
3217,2,2,
3218,3,3,
3219,1,1,
3220,2,2,
3221,1,1,
3222,1,1,
3223,2,2,
3224,1,1,
3225,1,1,
3226,1,1,
3227,1,1,
3228,1,1,
3229,3,3,
3230,2,2,
3231,1,1,
3232,2,2,
3233,3,3,
3234,2,2,
3235,2,2,
3236,1,1,
3237,1,1,
3238,1,1,
3239,2,2,
3240,2,2,
3241,1,1,
3242,,0,
3243,1,1,
3244,,0,
3245,,0,
3246,1,1,
3247,1,1,
3248,,0,
3249,1,1,
3250,1,1,
3251,1,1,
3252,2,2,
3253,3,3,
3254,2,2,
3255,1,1,
3256,2,2,
3257,1,1,
3258,,0,
3259,2,2,
3260,1,1,
3261,2,2,
3262,3,3,
3263,,0,
3264,,0,
3265,,0,
3266,1,1,
3267,,0,
3268,1,1,
3269,1,1,
3270,1,1,
3271,1,1,
3272,1,1,
3273,,0,
3274,1,1,
3275,,0,
3276,,0,
3277,1,1,
3278,2,2,
3279,,0,
3280,2,2,
3281,1,1,
3282,3,3,
3283,1,1,
3284,,0,
3285,2,2,
3286,3,3,
3287,,0,
3288,,0,
3289,2,2,
3290,2,2,
3291,1,1,
3292,3,3,
3293,2,2,
3294,,0,
3295,1,1,
3296,,0,
3297,,0,
3298,,0,
3299,1,1,
3300,2,2,
3301,3,3,
3302,2,2,
3303,1,1,
3304,2,2,
3305,2,2,
3306,,0,
3307,1,1,
3308,,0,
3309,,0,
3310,,0,
3311,1,1,
3312,1,1,
3313,,0,
3314,,0,
3315,,0,
3316,1,1,
3317,,0,
3318,,0,
3319,1,1,
3320,1,1,
3321,1,1,
3322,,0,
3323,2,2,
3324,,0,
3325,,0,
3326,1,1,
3327,1,1,
3328,1,1,
3329,,0,
3330,,0,
3331,,0,
3332,,0,
3333,1,1,
3334,1,1,
3335,,0,
3336,1,1,
3337,,0,
3338,2,2,
3339,,0,
3340,1,1,
3341,1,1,
3342,1,1,
3343,3,3,
3344,3,3,
3345,,0,
3346,,0,
3347,2,2,
3348,,0,
3349,1,1,
3350,,0,
3351,,0,
3352,1,1,
3353,,0,
3354,1,1,
3355,1,1,
3356,1,1,
3357,,0,
3358,1,1,
3359,1,1,
3360,3,3,
3361,1,1,
3362,,0,
3363,,0,
3364,2,2,
3365,2,2,
3366,1,1,
3367,,0,
3368,2,2,
3369,,0,
3370,1,1,
3371,3,3,
3372,,0,
3373,1,1,
3374,3,3,
3375,1,1,
3376,,0,
3377,2,2,
3378,2,2,
3379,2,2,
3380,,0,
3381,,0,
3382,2,2,
3383,1,1,
3384,2,2,
3385,1,1,
3386,1,1,
3387,,0,
3388,1,1,
3389,,0,
3390,2,2,
3391,1,1,
3392,,0,
3393,1,1,
3394,1,1,
3395,1,1,
3396,1,1,
3397,,0,
3398,1,1,
3399,,0,
3400,,0,
3401,1,1,
3402,,0,
3403,1,1,
3404,1,1,
3405,1,1,
3406,1,1,
3407,,0,
3408,,0,
3409,,0,
3410,2,2,
3411,3,3,
3412,1,1,
3413,2,2,
3414,,0,
3415,,0,
3416,4,4,
3417,1,1,
3418,2,2,
3419,,0,
3420,,0,
3421,2,2,
3422,1,1,
3423,,0,
3424,1,1,
3425,,0,
3426,,0,
3427,1,1,
3428,2,2,
3429,1,1,
3430,1,1,
3431,1,1,
3432,1,1,
3433,,0,
3434,,0,
3435,,0,
3436,,0,
3437,2,2,
3438,,0,
3439,,0,
3440,1,1,
3441,1,1,
3442,,0,
3443,2,2,
3444,,0,
3445,2,2,
3446,1,1,
3447,,0,
3448,,0,
3449,,0,
3450,1,1,
3451,,0,
3452,,0,
3453,1,1,
3454,,0,
3455,,0,
3456,3,3,
3457,,0,
3458,,0,
3459,1,1,
3460,,0,
3461,1,1,
3462,1,1,
3463,1,1,
3464,2,2,
3465,1,1,
3466,1,1,
3467,,0,
3468,1,1,
3469,,0,
3470,,0,
3471,,0,
3472,,0,
3473,,0,
3474,,0,
3475,1,1,
3476,,0,
3477,,0,
3478,,0,
3479,,0,
3480,,0,
3481,1,1,
3482,1,1,
3483,,0,
3484,,0,
3485,,0,
3486,1,1,
3487,1,1,
3488,,0,
3489,1,1,
3490,,0,
3491,,0,
3492,1,1,
3493,,0,
3494,2,2,
3495,,0,
3496,,0,
3497,,0,
3498,2,2,
3499,,0,
3500,,0,
3501,,0,
3502,,0,
3503,,0,
3504,,0,
3505,1,1,
3506,1,1,
3507,,0,
3508,1,1,
3509,,0,
3510,2,2,
3511,1,1,
3512,,0,
3513,2,2,
3514,,0,
3515,,0,
3516,,0,
3517,,0,
3518,1,1,
3519,1,1,
3520,,0,
3521,2,2,
3522,,0,
3523,,0,
3524,1,1,
3525,,0,
3526,,0,
3527,,0,
3528,,0,
3529,1,1,
3530,,0,
3531,,0,
3532,,0,
3533,,0,
3534,1,1,
3535,1,1,
3536,1,1,
3537,,0,
3538,,0,
3539,,0,
3540,,0,
3541,,0,
3542,,0,
3543,,0,
3544,,0,
3545,1,1,
3546,,0,
3547,,0,
3548,,0,
3549,,0,
3550,,0,
3551,1,1,
3552,,0,
3553,,0,
3554,,0,
3555,1,1,
3556,,0,
3557,2,2,
3558,1,1,
3559,,0,
3560,,0,
3561,2,2,
3562,1,1,
3563,1,1,
3564,,0,
3565,1,1,
3566,,0,
3567,,0,
3568,,0,
3569,1,1,
3570,,0,
3571,1,1,
3572,,0,
3573,1,1,
3574,,0,
3575,1,1,
3576,,0,
3577,,0,
3578,,0,
3579,,0,
3580,,0,
3581,,0,
3582,,0,
3583,,0,
3584,,0,
3585,,0,
3586,1,1,
3587,,0,
3588,,0,
3589,,0,
3590,,0,
3591,,0,
3592,,0,
3593,,0,
3594,1,1,
3595,2,2,
3596,,0,
3597,,0,
3598,1,1,
3599,,0,
3600,1,1,
3601,,0,
3602,,0,
3603,,0,
3604,2,2,
3605,,0,
3606,,0,
3607,1,1,
3608,,0,
3609,,0,
3610,2,2,
3611,,0,
3612,,0,
3613,,0,
3614,,0,
3615,2,2,
3616,,0,
3617,,0,
3618,2,2,
3619,1,1,
3620,,0,
3621,,0,
3622,,0,
3623,,0,
3624,,0,
3625,1,1,
3626,,0,
3627,,0,
3628,,0,
3629,,0,
3630,,0,
3631,,0,
3632,,0,
3633,,0,
3634,,0,
3635,1,1,
3636,,0,
3637,,0,
3638,1,1,
3639,1,1,
3640,,0,
3641,,0,
3642,,0,
3643,2,2,
3644,,0,
3645,1,1,
3646,1,1,
3647,,0,
3648,,0,
3649,,0,
3650,,0,
3651,,0,
3652,,0,
3653,1,1,
3654,,0,
3655,,0,
3656,,0,
3657,,0,
3658,,0,
3659,,0,
3660,1,1,
3661,1,1,
3662,,0,
3663,1,1,
3664,,0,
3665,,0,
3666,,0,
3667,1,1,
3668,,0,
3669,,0,
3670,1,1,
3671,,0,
3672,,0,
3673,,0,
3674,,0,
3675,,0,
3676,1,1,
3677,1,1,
3678,,0,
3679,,0,
3680,,0,
3681,,0,
3682,,0,
3683,,0,
3684,,0,
3685,,0,
3686,,0,
3687,1,1,
3688,,0,
3689,,0,
3690,,0,
3691,,0,
3692,,0,
3693,,0,
3694,1,1,
3695,,0,
3696,,0,
3697,,0,
3698,2,2,
3699,,0,
3700,,0,
3701,,0,
3702,,0,
3703,,0,
3704,,0,
3705,,0,
3706,2,2,
3707,1,1,
3708,1,1,
3709,,0,
3710,,0,
3711,,0,
3712,,0,
3713,,0,
3714,,0,
3715,,0,
3716,,0,
3717,,0,
3718,,0,
3719,,0,
3720,1,1,
3721,,0,
3722,,0,
3723,1,1,
3724,,0,
3725,,0,
3726,,0,
3727,,0,
3728,,0,
3729,,0,
3730,,0,
3731,,0,
3732,,0,
3733,,0,
3734,,0,
3735,,0,
3736,,0,
3737,,0,
3738,,0,
3739,,0,
3740,,0,
3741,,0,
3742,,0,
3743,,0,
3744,,0,
3745,,0,
3746,,0,
3747,,0,
3748,,0,
3749,,0,
3750,,0,
3751,1,1,
3752,,0,
3753,,0,
3754,,0,
3755,,0,
3756,,0,
3757,,0,
3758,,0,
3759,,0,
3760,,0,
3761,,0,
3762,,0,
3763,,0,
3764,,0,
3765,,0,
3766,,0,
3767,,0,
3768,,0,
3769,,0,
3770,,0,
3771,,0,
3772,,0,
3773,,0,
3774,1,1,
3775,,0,
3776,1,1,
3777,,0,
3778,,0,
3779,,0,
3780,,0,
3781,,0,
3782,,0,
3783,,0,
3784,,0,
3785,,0,
3786,,0,
3787,,0,
3788,,0,
3789,1,1,
3790,,0,
3791,,0,
3792,,0,
3793,,0,
3794,,0,
3795,,0,
3796,,0,
3797,,0,
3798,,0,
3799,1,1,
3800,,0,
3801,,0,
3802,,0,
3803,,0,
3804,,0,
3805,,0,
3806,,0,
3807,,0,
3808,,0,
3809,,0,
3810,,0,
3811,,0,
3812,1,1,
3813,,0,
3814,,0,
3815,,0,
3816,1,1,
3817,,0,
3818,,0,
3819,,0,
3820,,0,
3821,,0,
3822,,0,
3823,,0,
3824,,0,
3825,1,1,
3826,1,1,
3827,,0,
3828,1,1,
3829,,0,
3830,,0,
3831,,0,
3832,,0,
3833,,0,
3834,,0,
3835,,0,
3836,,0,
3837,,0,
3838,,0,
3839,1,1,
3840,,0,
3841,,0,
3842,1,1,
3843,,0,
3844,,0,
3845,,0,
3846,,0,
3847,,0,
3848,,0,
3849,,0,
3850,,0,
3851,,0,
3852,,0,
3853,,0,
3854,,0,
3855,,0,
3856,,0,
3857,,0,
3858,,0,
3859,,0,
3860,,0,
3861,,0,
3862,,0,
3863,2,2,
3864,,0,
3865,,0,
3866,,0,
3867,,0,
3868,,0,
3869,,0,
3870,,0,
3871,,0,
3872,1,1,
3873,,0,
3874,,0,
3875,,0,
3876,,0,
3877,1,1,
3878,,0,
3879,,0,
3880,,0,
3881,,0,
3882,,0,
3883,,0,
3884,,0,
3885,,0,
3886,1,1,
3887,,0,
3888,,0,
3889,,0,
3890,,0,
3891,,0,
3892,,0,
3893,,0,
3894,,0,
3895,,0,
3896,,0,
3897,,0,
3898,,0,
3899,,0,
3900,,0,
3901,1,1,
3902,,0,
3903,,0,
3904,,0,
3905,,0,
3906,,0,
3907,,0,
3908,,0,
3909,,0,
3910,,0,
3911,,0,
3912,,0,
3913,,0,
3914,,0,
3915,,0,
3916,,0,
3917,,0,
3918,1,1,
3919,,0,
3920,,0,
3921,,0,
3922,,0,
3923,,0,
3924,,0,
3925,,0,
3926,,0,
3927,,0,
3928,,0,
3929,,0,
3930,,0,
3931,,0,
3932,,0,
3933,,0,
3934,,0,
3935,1,1,
3936,,0,
3937,,0,
3938,,0,
3939,,0,
3940,,0,
3941,1,1,
3942,,0,
3943,,0,
3944,,0,
3945,,0,
3946,1,1,
3947,,0,
3948,,0,
3949,,0,
3950,,0,
3951,,0,
3952,,0,
3953,,0,
3954,,0,
3955,,0,
3956,,0,
3957,,0,
3958,1,1,
3959,,0,
3960,,0,
3961,,0,
3962,,0,
3963,,0,
3964,,0,
3965,,0,
3966,,0,
3967,,0,
3968,,0,
3969,,0,
3970,1,1,
3971,,0,
3972,,0,
3973,,0,
3974,,0,
3975,,0,
3976,,0,
3977,,0,
3978,,0,
3979,,0,
3980,,0,
3981,,0,
3982,,0,
3983,,0,
3984,,0,
3985,,0,
3986,,0,
3987,,0,
3988,,0,
3989,,0,
3990,,0,
3991,,0,
3992,,0,
3993,,0,
3994,,0,
3995,,0,
3996,1,1,
3997,,0,
3998,,0,
3999,,0,
4000,1,1,
4001,,0,
4002,1,1,
4003,,0,
4004,,0,
4005,,0,
4006,,0,
4007,,0,
4008,,0,
4009,,0,
4010,,0,
4011,,0,
4012,,0,
4013,,0,
4014,,0,
4015,,0,
4016,,0,
4017,,0,
4018,,0,
4019,,0,
4020,,0,
4021,,0,
4022,,0,
4023,,0,
4024,,0,
4025,,0,
4026,,0,
4027,,0,
4028,,0,
4029,,0,
4030,,0,
4031,,0,
4032,,0,
4033,,0,
4034,,0,
4035,,0,
4036,,0,
4037,,0,
4038,,0,
4039,,0,
4040,,0,
4041,,0,
4042,,0,
4043,,0,
4044,,0,
4045,,0,
4046,,0,
4047,,0,
4048,,0,
4049,,0,
4050,,0,
4051,,0,
4052,,0,
4053,,0,
4054,,0,
4055,,0,
4056,,0,
4057,,0,
4058,,0,
4059,,0,
4060,,0,
4061,,0,
4062,,0,
4063,,0,
4064,,0,
4065,,0,
4066,,0,
4067,,0,
4068,,0,
4069,,0,
4070,,0,
4071,,0,
4072,,0,
4073,,0,
4074,1,1,
4075,,0,
4076,,0,
4077,,0,
4078,,0,
4079,,0,
4080,,0,
4081,,0,
4082,,0,
4083,,0,
4084,,0,
4085,,0,
4086,,0,
4087,,0,
4088,,0,
4089,1,1,
4090,,0,
4091,,0,
4092,,0,
4093,,0,
4094,,0,
4095,,0,
,,,