"2022/04/28","15:49:24",560.54,600
"",,,
0,,0,
1,,0,
2,,0,
3,,0,
4,,0,
5,,0,
6,,0,
7,,0,
8,,0,
9,,0,
10,,0,
11,,0,
12,,0,
13,,0,
14,,0,
15,,0,
16,,0,
17,,0,
18,,0,
19,,0,
20,,0,
21,,0,
22,,0,
23,,0,
24,,0,
25,,0,
26,,0,
27,,0,
28,,0,
29,,0,
30,,0,
31,,0,
32,,0,
33,,0,
34,,0,
35,,0,
36,,0,
37,,0,
38,,0,
39,,0,
40,,0,
41,,0,
42,,0,
43,,0,
44,4,4,
45,846,846,
46,1092,1092,
47,1166,1166,
48,1160,1160,
49,1128,1128,
50,1151,1151,
51,1119,1119,
52,1137,1137,
53,1216,1216,
54,1214,1214,
55,1163,1163,
56,1206,1206,
57,1185,1185,
58,1200,1200,
59,1149,1149,
60,1203,1203,
61,1209,1209,
62,1186,1186,
63,1234,1234,
64,1203,1203,
65,1284,1284,
66,1207,1207,
67,1261,1261,
68,1265,1265,
69,1285,1285,
70,1400,1400,
71,1336,1336,
72,1350,1350,
73,1315,1315,
74,1340,1340,
75,1384,1384,
76,1354,1354,
77,1373,1373,
78,1346,1346,
79,1386,1386,
80,1338,1338,
81,1311,1311,
82,1346,1346,
83,1402,1402,
84,1393,1393,
85,1547,1547,
86,1391,1391,
87,1433,1433,
88,1358,1358,
89,1392,1392,
90,1297,1297,
91,1368,1368,
92,1333,1333,
93,1374,1374,
94,1363,1363,
95,1391,1391,
96,1439,1439,
97,1352,1352,
98,1402,1402,
99,1473,1473,
100,1448,1448,
101,1340,1340,
102,1394,1394,
103,1336,1336,
104,1348,1348,
105,1435,1435,
106,1345,1345,
107,1342,1342,
108,1369,1369,
109,1342,1342,
110,1321,1321,
111,1327,1327,
112,1335,1335,
113,1381,1381,
114,1264,1264,
115,1315,1315,
116,1398,1398,
117,1329,1329,
118,1338,1338,
119,1405,1405,
120,1371,1371,
121,1314,1314,
122,1400,1400,
123,1372,1372,
124,1320,1320,
125,1402,1402,
126,1396,1396,
127,1371,1371,
128,1339,1339,
129,1331,1331,
130,1346,1346,
131,1324,1324,
132,1290,1290,
133,1290,1290,
134,1284,1284,
135,1354,1354,
136,1362,1362,
137,1311,1311,
138,1302,1302,
139,1272,1272,
140,1333,1333,
141,1380,1380,
142,1299,1299,
143,1325,1325,
144,1292,1292,
145,1246,1246,
146,1253,1253,
147,1324,1324,
148,1244,1244,
149,1260,1260,
150,1262,1262,
151,1248,1248,
152,1332,1332,
153,1292,1292,
154,1225,1225,
155,1266,1266,
156,1270,1270,
157,1208,1208,
158,1226,1226,
159,1176,1176,
160,1218,1218,
161,1263,1263,
162,1198,1198,
163,1207,1207,
164,1167,1167,
165,1296,1296,
166,1223,1223,
167,1171,1171,
168,1197,1197,
169,1238,1238,
170,1220,1220,
171,1171,1171,
172,1216,1216,
173,1201,1201,
174,1242,1242,
175,1286,1286,
176,1172,1172,
177,1226,1226,
178,1231,1231,
179,1172,1172,
180,1174,1174,
181,1202,1202,
182,1166,1166,
183,1192,1192,
184,1103,1103,
185,1123,1123,
186,1195,1195,
187,1219,1219,
188,1199,1199,
189,1202,1202,
190,1179,1179,
191,1177,1177,
192,1293,1293,
193,1290,1290,
194,1255,1255,
195,1362,1362,
196,1391,1391,
197,1396,1396,
198,1541,1541,
199,1608,1608,
200,1565,1565,
201,1586,1586,
202,1460,1460,
203,1554,1554,
204,1417,1417,
205,1443,1443,
206,1430,1430,
207,1363,1363,
208,1332,1332,
209,1333,1333,
210,1338,1338,
211,1355,1355,
212,1301,1301,
213,1304,1304,
214,1310,1310,
215,1351,1351,
216,1258,1258,
217,1257,1257,
218,1326,1326,
219,1191,1191,
220,1311,1311,
221,1225,1225,
222,1263,1263,
223,1270,1270,
224,1251,1251,
225,1231,1231,
226,1235,1235,
227,1226,1226,
228,1211,1211,
229,1252,1252,
230,1173,1173,
231,1169,1169,
232,1170,1170,
233,1113,1113,
234,1184,1184,
235,1232,1232,
236,1194,1194,
237,1156,1156,
238,1122,1122,
239,1188,1188,
240,1177,1177,
241,1136,1136,
242,1100,1100,
243,1230,1230,
244,1269,1269,
245,1216,1216,
246,1142,1142,
247,1195,1195,
248,1145,1145,
249,1225,1225,
250,1232,1232,
251,1222,1222,
252,1238,1238,
253,1136,1136,
254,1103,1103,
255,1177,1177,
256,1155,1155,
257,1133,1133,
258,1127,1127,
259,1143,1143,
260,1068,1068,
261,1159,1159,
262,1125,1125,
263,1161,1161,
264,1130,1130,
265,1069,1069,
266,1117,1117,
267,1120,1120,
268,1083,1083,
269,1051,1051,
270,1091,1091,
271,1040,1040,
272,1075,1075,
273,1056,1056,
274,999,999,
275,1047,1047,
276,1092,1092,
277,1061,1061,
278,1048,1048,
279,1158,1158,
280,1123,1123,
281,1035,1035,
282,1026,1026,
283,1030,1030,
284,1032,1032,
285,997,997,
286,1014,1014,
287,979,979,
288,1060,1060,
289,998,998,
290,1067,1067,
291,990,990,
292,948,948,
293,995,995,
294,1032,1032,
295,996,996,
296,1028,1028,
297,935,935,
298,1001,1001,
299,993,993,
300,990,990,
301,1057,1057,
302,974,974,
303,1005,1005,
304,998,998,
305,1013,1013,
306,1058,1058,
307,950,950,
308,982,982,
309,991,991,
310,975,975,
311,994,994,
312,1043,1043,
313,1037,1037,
314,919,919,
315,1018,1018,
316,1028,1028,
317,973,973,
318,1011,1011,
319,984,984,
320,998,998,
321,982,982,
322,999,999,
323,1014,1014,
324,973,973,
325,1033,1033,
326,972,972,
327,1019,1019,
328,1065,1065,
329,1022,1022,
330,954,954,
331,1011,1011,
332,1017,1017,
333,1005,1005,
334,978,978,
335,1017,1017,
336,1073,1073,
337,1030,1030,
338,1044,1044,
339,1045,1045,
340,1089,1089,
341,1049,1049,
342,1003,1003,
343,1020,1020,
344,1045,1045,
345,1033,1033,
346,1062,1062,
347,1095,1095,
348,1126,1126,
349,1057,1057,
350,1005,1005,
351,1054,1054,
352,1155,1155,
353,1059,1059,
354,1085,1085,
355,1148,1148,
356,1064,1064,
357,1043,1043,
358,1083,1083,
359,1132,1132,
360,1135,1135,
361,1031,1031,
362,1125,1125,
363,1125,1125,
364,1048,1048,
365,1096,1096,
366,1099,1099,
367,1081,1081,
368,1104,1104,
369,1143,1143,
370,1163,1163,
371,1155,1155,
372,1187,1187,
373,1063,1063,
374,1215,1215,
375,1203,1203,
376,1146,1146,
377,1163,1163,
378,1139,1139,
379,1175,1175,
380,1214,1214,
381,1200,1200,
382,1153,1153,
383,1194,1194,
384,1242,1242,
385,1193,1193,
386,1167,1167,
387,1220,1220,
388,1156,1156,
389,1275,1275,
390,1182,1182,
391,1159,1159,
392,1255,1255,
393,1173,1173,
394,1232,1232,
395,1190,1190,
396,1089,1089,
397,1165,1165,
398,1133,1133,
399,1093,1093,
400,1003,1003,
401,944,944,
402,975,975,
403,834,834,
404,840,840,
405,780,780,
406,762,762,
407,773,773,
408,707,707,
409,718,718,
410,658,658,
411,681,681,
412,697,697,
413,735,735,
414,747,747,
415,685,685,
416,642,642,
417,682,682,
418,643,643,
419,592,592,
420,598,598,
421,631,631,
422,585,585,
423,605,605,
424,621,621,
425,584,584,
426,566,566,
427,599,599,
428,547,547,
429,597,597,
430,550,550,
431,569,569,
432,548,548,
433,562,562,
434,531,531,
435,505,505,
436,505,505,
437,515,515,
438,498,498,
439,536,536,
440,463,463,
441,458,458,
442,526,526,
443,465,465,
444,469,469,
445,460,460,
446,495,495,
447,488,488,
448,473,473,
449,458,458,
450,475,475,
451,394,394,
452,420,420,
453,440,440,
454,398,398,
455,458,458,
456,401,401,
457,445,445,
458,418,418,
459,384,384,
460,402,402,
461,392,392,
462,401,401,
463,376,376,
464,394,394,
465,406,406,
466,367,367,
467,386,386,
468,366,366,
469,353,353,
470,370,370,
471,352,352,
472,370,370,
473,352,352,
474,319,319,
475,321,321,
476,368,368,
477,340,340,
478,306,306,
479,318,318,
480,336,336,
481,328,328,
482,286,286,
483,293,293,
484,284,284,
485,298,298,
486,295,295,
487,269,269,
488,297,297,
489,284,284,
490,323,323,
491,293,293,
492,289,289,
493,277,277,
494,278,278,
495,281,281,
496,276,276,
497,259,259,
498,272,272,
499,293,293,
500,288,288,
501,237,237,
502,276,276,
503,257,257,
504,251,251,
505,263,263,
506,264,264,
507,291,291,
508,270,270,
509,259,259,
510,283,283,
511,251,251,
512,258,258,
513,252,252,
514,261,261,
515,242,242,
516,285,285,
517,250,250,
518,232,232,
519,243,243,
520,233,233,
521,263,263,
522,278,278,
523,240,240,
524,237,237,
525,235,235,
526,265,265,
527,248,248,
528,225,225,
529,259,259,
530,243,243,
531,228,228,
532,242,242,
533,255,255,
534,215,215,
535,227,227,
536,261,261,
537,242,242,
538,237,237,
539,234,234,
540,254,254,
541,241,241,
542,226,226,
543,232,232,
544,242,242,
545,255,255,
546,266,266,
547,270,270,
548,257,257,
549,213,213,
550,249,249,
551,227,227,
552,249,249,
553,238,238,
554,216,216,
555,208,208,
556,235,235,
557,240,240,
558,246,246,
559,246,246,
560,256,256,
561,213,213,
562,256,256,
563,236,236,
564,200,200,
565,199,199,
566,231,231,
567,225,225,
568,221,221,
569,237,237,
570,228,228,
571,262,262,
572,228,228,
573,247,247,
574,222,222,
575,215,215,
576,240,240,
577,227,227,
578,232,232,
579,221,221,
580,227,227,
581,249,249,
582,263,263,
583,249,249,
584,250,250,
585,232,232,
586,228,228,
587,245,245,
588,252,252,
589,271,271,
590,284,284,
591,301,301,
592,288,288,
593,323,323,
594,300,300,
595,353,353,
596,384,384,
597,427,427,
598,549,549,
599,916,916,
600,2058,2058,
601,5569,5569,
602,12167,12167,
603,20787,20787,
604,23872,23872,
605,17759,17759,
606,8953,8953,
607,3440,3440,
608,1148,1148,
609,451,451,
610,308,308,
611,242,242,
612,202,202,
613,164,164,
614,180,180,
615,160,160,
616,201,201,
617,168,168,
618,176,176,
619,168,168,
620,180,180,
621,178,178,
622,177,177,
623,155,155,
624,142,142,
625,160,160,
626,158,158,
627,144,144,
628,153,153,
629,175,175,
630,170,170,
631,168,168,
632,142,142,
633,152,152,
634,132,132,
635,140,140,
636,146,146,
637,154,154,
638,170,170,
639,118,118,
640,127,127,
641,146,146,
642,140,140,
643,142,142,
644,148,148,
645,155,155,
646,136,136,
647,148,148,
648,110,110,
649,155,155,
650,130,130,
651,133,133,
652,156,156,
653,135,135,
654,115,115,
655,135,135,
656,151,151,
657,148,148,
658,138,138,
659,126,126,
660,139,139,
661,144,144,
662,129,129,
663,140,140,
664,117,117,
665,142,142,
666,142,142,
667,135,135,
668,129,129,
669,138,138,
670,141,141,
671,136,136,
672,156,156,
673,125,125,
674,144,144,
675,132,132,
676,154,154,
677,148,148,
678,129,129,
679,119,119,
680,138,138,
681,125,125,
682,145,145,
683,142,142,
684,132,132,
685,135,135,
686,137,137,
687,135,135,
688,150,150,
689,142,142,
690,161,161,
691,151,151,
692,139,139,
693,137,137,
694,134,134,
695,128,128,
696,143,143,
697,127,127,
698,132,132,
699,129,129,
700,117,117,
701,120,120,
702,134,134,
703,103,103,
704,116,116,
705,125,125,
706,123,123,
707,134,134,
708,121,121,
709,129,129,
710,136,136,
711,133,133,
712,133,133,
713,123,123,
714,126,126,
715,127,127,
716,137,137,
717,123,123,
718,122,122,
719,138,138,
720,159,159,
721,184,184,
722,145,145,
723,144,144,
724,155,155,
725,116,116,
726,120,120,
727,120,120,
728,120,120,
729,131,131,
730,139,139,
731,129,129,
732,117,117,
733,118,118,
734,126,126,
735,121,121,
736,143,143,
737,134,134,
738,132,132,
739,141,141,
740,110,110,
741,133,133,
742,131,131,
743,136,136,
744,131,131,
745,132,132,
746,129,129,
747,112,112,
748,127,127,
749,126,126,
750,107,107,
751,122,122,
752,123,123,
753,133,133,
754,147,147,
755,112,112,
756,123,123,
757,124,124,
758,117,117,
759,124,124,
760,138,138,
761,127,127,
762,133,133,
763,138,138,
764,124,124,
765,131,131,
766,113,113,
767,133,133,
768,144,144,
769,131,131,
770,144,144,
771,119,119,
772,132,132,
773,116,116,
774,103,103,
775,129,129,
776,129,129,
777,147,147,
778,131,131,
779,148,148,
780,124,124,
781,145,145,
782,180,180,
783,260,260,
784,235,235,
785,140,140,
786,143,143,
787,134,134,
788,135,135,
789,102,102,
790,148,148,
791,127,127,
792,110,110,
793,120,120,
794,120,120,
795,141,141,
796,121,121,
797,104,104,
798,120,120,
799,112,112,
800,119,119,
801,123,123,
802,145,145,
803,117,117,
804,120,120,
805,102,102,
806,117,117,
807,134,134,
808,140,140,
809,165,165,
810,142,142,
811,115,115,
812,139,139,
813,120,120,
814,148,148,
815,129,129,
816,111,111,
817,124,124,
818,127,127,
819,115,115,
820,136,136,
821,132,132,
822,128,128,
823,108,108,
824,123,123,
825,107,107,
826,146,146,
827,125,125,
828,134,134,
829,132,132,
830,116,116,
831,120,120,
832,128,128,
833,122,122,
834,139,139,
835,115,115,
836,140,140,
837,130,130,
838,118,118,
839,115,115,
840,111,111,
841,111,111,
842,132,132,
843,127,127,
844,112,112,
845,122,122,
846,129,129,
847,141,141,
848,121,121,
849,125,125,
850,129,129,
851,133,133,
852,141,141,
853,124,124,
854,126,126,
855,148,148,
856,133,133,
857,126,126,
858,113,113,
859,116,116,
860,135,135,
861,129,129,
862,115,115,
863,128,128,
864,130,130,
865,127,127,
866,140,140,
867,126,126,
868,138,138,
869,120,120,
870,121,121,
871,129,129,
872,125,125,
873,117,117,
874,131,131,
875,124,124,
876,123,123,
877,123,123,
878,98,98,
879,101,101,
880,130,130,
881,108,108,
882,136,136,
883,119,119,
884,127,127,
885,117,117,
886,129,129,
887,119,119,
888,111,111,
889,137,137,
890,149,149,
891,121,121,
892,113,113,
893,134,134,
894,117,117,
895,121,121,
896,135,135,
897,106,106,
898,143,143,
899,125,125,
900,131,131,
901,130,130,
902,142,142,
903,111,111,
904,136,136,
905,138,138,
906,139,139,
907,144,144,
908,111,111,
909,115,115,
910,124,124,
911,111,111,
912,107,107,
913,116,116,
914,131,131,
915,143,143,
916,137,137,
917,118,118,
918,107,107,
919,117,117,
920,120,120,
921,133,133,
922,122,122,
923,115,115,
924,129,129,
925,121,121,
926,137,137,
927,136,136,
928,117,117,
929,118,118,
930,132,132,
931,129,129,
932,135,135,
933,129,129,
934,120,120,
935,139,139,
936,144,144,
937,120,120,
938,129,129,
939,133,133,
940,127,127,
941,124,124,
942,128,128,
943,139,139,
944,134,134,
945,113,113,
946,109,109,
947,134,134,
948,106,106,
949,119,119,
950,101,101,
951,134,134,
952,136,136,
953,114,114,
954,126,126,
955,142,142,
956,148,148,
957,124,124,
958,115,115,
959,132,132,
960,138,138,
961,150,150,
962,116,116,
963,122,122,
964,122,122,
965,126,126,
966,136,136,
967,115,115,
968,132,132,
969,125,125,
970,147,147,
971,112,112,
972,136,136,
973,132,132,
974,122,122,
975,152,152,
976,139,139,
977,127,127,
978,136,136,
979,123,123,
980,119,119,
981,139,139,
982,130,130,
983,143,143,
984,131,131,
985,135,135,
986,136,136,
987,139,139,
988,128,128,
989,162,162,
990,137,137,
991,143,143,
992,143,143,
993,124,124,
994,148,148,
995,150,150,
996,129,129,
997,118,118,
998,110,110,
999,140,140,
1000,129,129,
1001,131,131,
1002,144,144,
1003,136,136,
1004,132,132,
1005,133,133,
1006,148,148,
1007,107,107,
1008,139,139,
1009,141,141,
1010,116,116,
1011,153,153,
1012,151,151,
1013,153,153,
1014,118,118,
1015,139,139,
1016,120,120,
1017,115,115,
1018,136,136,
1019,142,142,
1020,139,139,
1021,139,139,
1022,132,132,
1023,142,142,
1024,133,133,
1025,143,143,
1026,125,125,
1027,140,140,
1028,162,162,
1029,148,148,
1030,140,140,
1031,151,151,
1032,148,148,
1033,136,136,
1034,144,144,
1035,143,143,
1036,127,127,
1037,132,132,
1038,138,138,
1039,134,134,
1040,138,138,
1041,154,154,
1042,128,128,
1043,145,145,
1044,132,132,
1045,143,143,
1046,176,176,
1047,136,136,
1048,149,149,
1049,149,149,
1050,137,137,
1051,129,129,
1052,142,142,
1053,158,158,
1054,142,142,
1055,138,138,
1056,167,167,
1057,136,136,
1058,144,144,
1059,154,154,
1060,139,139,
1061,139,139,
1062,140,140,
1063,136,136,
1064,136,136,
1065,151,151,
1066,148,148,
1067,140,140,
1068,126,126,
1069,151,151,
1070,158,158,
1071,131,131,
1072,163,163,
1073,147,147,
1074,164,164,
1075,164,164,
1076,180,180,
1077,160,160,
1078,187,187,
1079,166,166,
1080,154,154,
1081,172,172,
1082,175,175,
1083,145,145,
1084,143,143,
1085,163,163,
1086,158,158,
1087,152,152,
1088,155,155,
1089,158,158,
1090,167,167,
1091,137,137,
1092,166,166,
1093,135,135,
1094,157,157,
1095,148,148,
1096,161,161,
1097,147,147,
1098,141,141,
1099,143,143,
1100,149,149,
1101,154,154,
1102,154,154,
1103,148,148,
1104,159,159,
1105,170,170,
1106,164,164,
1107,178,178,
1108,179,179,
1109,175,175,
1110,157,157,
1111,168,168,
1112,138,138,
1113,167,167,
1114,174,174,
1115,175,175,
1116,168,168,
1117,147,147,
1118,159,159,
1119,171,171,
1120,179,179,
1121,159,159,
1122,159,159,
1123,162,162,
1124,147,147,
1125,158,158,
1126,157,157,
1127,171,171,
1128,152,152,
1129,183,183,
1130,182,182,
1131,205,205,
1132,168,168,
1133,153,153,
1134,154,154,
1135,181,181,
1136,158,158,
1137,171,171,
1138,180,180,
1139,168,168,
1140,174,174,
1141,182,182,
1142,180,180,
1143,185,185,
1144,200,200,
1145,171,171,
1146,201,201,
1147,180,180,
1148,190,190,
1149,172,172,
1150,170,170,
1151,182,182,
1152,162,162,
1153,180,180,
1154,184,184,
1155,181,181,
1156,168,168,
1157,170,170,
1158,207,207,
1159,174,174,
1160,180,180,
1161,193,193,
1162,177,177,
1163,213,213,
1164,165,165,
1165,153,153,
1166,170,170,
1167,197,197,
1168,211,211,
1169,191,191,
1170,194,194,
1171,180,180,
1172,209,209,
1173,175,175,
1174,192,192,
1175,211,211,
1176,195,195,
1177,221,221,
1178,195,195,
1179,206,206,
1180,188,188,
1181,204,204,
1182,208,208,
1183,195,195,
1184,204,204,
1185,200,200,
1186,214,214,
1187,180,180,
1188,207,207,
1189,207,207,
1190,212,212,
1191,242,242,
1192,229,229,
1193,202,202,
1194,196,196,
1195,210,210,
1196,212,212,
1197,226,226,
1198,228,228,
1199,221,221,
1200,219,219,
1201,248,248,
1202,223,223,
1203,202,202,
1204,201,201,
1205,204,204,
1206,230,230,
1207,259,259,
1208,222,222,
1209,229,229,
1210,241,241,
1211,221,221,
1212,226,226,
1213,228,228,
1214,217,217,
1215,231,231,
1216,226,226,
1217,228,228,
1218,230,230,
1219,215,215,
1220,231,231,
1221,245,245,
1222,230,230,
1223,233,233,
1224,219,219,
1225,235,235,
1226,236,236,
1227,226,226,
1228,213,213,
1229,238,238,
1230,266,266,
1231,267,267,
1232,226,226,
1233,255,255,
1234,244,244,
1235,276,276,
1236,261,261,
1237,240,240,
1238,262,262,
1239,233,233,
1240,219,219,
1241,260,260,
1242,234,234,
1243,235,235,
1244,249,249,
1245,251,251,
1246,262,262,
1247,247,247,
1248,232,232,
1249,270,270,
1250,246,246,
1251,230,230,
1252,257,257,
1253,269,269,
1254,238,238,
1255,260,260,
1256,223,223,
1257,220,220,
1258,224,224,
1259,212,212,
1260,188,188,
1261,176,176,
1262,171,171,
1263,172,172,
1264,161,161,
1265,172,172,
1266,148,148,
1267,176,176,
1268,160,160,
1269,128,128,
1270,152,152,
1271,153,153,
1272,135,135,
1273,148,148,
1274,134,134,
1275,145,145,
1276,136,136,
1277,145,145,
1278,149,149,
1279,118,118,
1280,130,130,
1281,142,142,
1282,117,117,
1283,126,126,
1284,140,140,
1285,135,135,
1286,120,120,
1287,127,127,
1288,112,112,
1289,129,129,
1290,130,130,
1291,123,123,
1292,137,137,
1293,131,131,
1294,110,110,
1295,117,117,
1296,119,119,
1297,118,118,
1298,125,125,
1299,115,115,
1300,129,129,
1301,110,110,
1302,122,122,
1303,143,143,
1304,125,125,
1305,111,111,
1306,123,123,
1307,124,124,
1308,126,126,
1309,123,123,
1310,111,111,
1311,127,127,
1312,103,103,
1313,104,104,
1314,98,98,
1315,116,116,
1316,117,117,
1317,124,124,
1318,104,104,
1319,102,102,
1320,112,112,
1321,112,112,
1322,98,98,
1323,94,94,
1324,126,126,
1325,106,106,
1326,100,100,
1327,88,88,
1328,110,110,
1329,97,97,
1330,136,136,
1331,117,117,
1332,108,108,
1333,93,93,
1334,113,113,
1335,99,99,
1336,106,106,
1337,84,84,
1338,99,99,
1339,102,102,
1340,88,88,
1341,90,90,
1342,107,107,
1343,83,83,
1344,99,99,
1345,88,88,
1346,95,95,
1347,73,73,
1348,95,95,
1349,68,68,
1350,77,77,
1351,70,70,
1352,87,87,
1353,84,84,
1354,79,79,
1355,72,72,
1356,58,58,
1357,71,71,
1358,75,75,
1359,60,60,
1360,77,77,
1361,68,68,
1362,80,80,
1363,69,69,
1364,57,57,
1365,66,66,
1366,62,62,
1367,84,84,
1368,70,70,
1369,61,61,
1370,73,73,
1371,55,55,
1372,72,72,
1373,58,58,
1374,68,68,
1375,52,52,
1376,62,62,
1377,46,46,
1378,51,51,
1379,63,63,
1380,66,66,
1381,59,59,
1382,45,45,
1383,45,45,
1384,48,48,
1385,61,61,
1386,54,54,
1387,58,58,
1388,53,53,
1389,52,52,
1390,48,48,
1391,48,48,
1392,58,58,
1393,50,50,
1394,40,40,
1395,36,36,
1396,36,36,
1397,31,31,
1398,39,39,
1399,31,31,
1400,45,45,
1401,33,33,
1402,50,50,
1403,44,44,
1404,41,41,
1405,40,40,
1406,43,43,
1407,36,36,
1408,38,38,
1409,39,39,
1410,39,39,
1411,40,40,
1412,43,43,
1413,35,35,
1414,34,34,
1415,31,31,
1416,33,33,
1417,34,34,
1418,46,46,
1419,33,33,
1420,35,35,
1421,27,27,
1422,30,30,
1423,34,34,
1424,29,29,
1425,29,29,
1426,44,44,
1427,29,29,
1428,31,31,
1429,40,40,
1430,23,23,
1431,30,30,
1432,32,32,
1433,33,33,
1434,27,27,
1435,34,34,
1436,39,39,
1437,32,32,
1438,38,38,
1439,33,33,
1440,37,37,
1441,27,27,
1442,41,41,
1443,28,28,
1444,30,30,
1445,32,32,
1446,37,37,
1447,31,31,
1448,40,40,
1449,36,36,
1450,30,30,
1451,29,29,
1452,26,26,
1453,21,21,
1454,31,31,
1455,34,34,
1456,32,32,
1457,36,36,
1458,33,33,
1459,32,32,
1460,37,37,
1461,33,33,
1462,30,30,
1463,33,33,
1464,43,43,
1465,33,33,
1466,39,39,
1467,44,44,
1468,28,28,
1469,33,33,
1470,33,33,
1471,48,48,
1472,33,33,
1473,39,39,
1474,26,26,
1475,34,34,
1476,26,26,
1477,31,31,
1478,29,29,
1479,34,34,
1480,33,33,
1481,30,30,
1482,31,31,
1483,31,31,
1484,34,34,
1485,39,39,
1486,34,34,
1487,30,30,
1488,29,29,
1489,30,30,
1490,32,32,
1491,36,36,
1492,28,28,
1493,39,39,
1494,37,37,
1495,31,31,
1496,23,23,
1497,41,41,
1498,42,42,
1499,38,38,
1500,43,43,
1501,49,49,
1502,56,56,
1503,48,48,
1504,40,40,
1505,50,50,
1506,60,60,
1507,74,74,
1508,119,119,
1509,145,145,
1510,297,297,
1511,743,743,
1512,1839,1839,
1513,3767,3767,
1514,5481,5481,
1515,4927,4927,
1516,2430,2430,
1517,690,690,
1518,136,136,
1519,46,46,
1520,28,28,
1521,23,23,
1522,31,31,
1523,22,22,
1524,15,15,
1525,29,29,
1526,20,20,
1527,22,22,
1528,13,13,
1529,22,22,
1530,19,19,
1531,23,23,
1532,21,21,
1533,16,16,
1534,17,17,
1535,25,25,
1536,16,16,
1537,11,11,
1538,20,20,
1539,16,16,
1540,15,15,
1541,19,19,
1542,11,11,
1543,12,12,
1544,11,11,
1545,11,11,
1546,18,18,
1547,16,16,
1548,17,17,
1549,26,26,
1550,14,14,
1551,14,14,
1552,11,11,
1553,16,16,
1554,19,19,
1555,17,17,
1556,12,12,
1557,14,14,
1558,18,18,
1559,12,12,
1560,11,11,
1561,10,10,
1562,7,7,
1563,10,10,
1564,11,11,
1565,11,11,
1566,16,16,
1567,12,12,
1568,12,12,
1569,11,11,
1570,10,10,
1571,10,10,
1572,17,17,
1573,14,14,
1574,13,13,
1575,12,12,
1576,14,14,
1577,12,12,
1578,9,9,
1579,14,14,
1580,8,8,
1581,16,16,
1582,13,13,
1583,13,13,
1584,10,10,
1585,9,9,
1586,9,9,
1587,18,18,
1588,12,12,
1589,12,12,
1590,6,6,
1591,12,12,
1592,9,9,
1593,5,5,
1594,6,6,
1595,12,12,
1596,9,9,
1597,12,12,
1598,9,9,
1599,8,8,
1600,8,8,
1601,11,11,
1602,13,13,
1603,11,11,
1604,15,15,
1605,13,13,
1606,7,7,
1607,9,9,
1608,5,5,
1609,7,7,
1610,6,6,
1611,11,11,
1612,8,8,
1613,11,11,
1614,10,10,
1615,5,5,
1616,9,9,
1617,8,8,
1618,9,9,
1619,6,6,
1620,11,11,
1621,12,12,
1622,8,8,
1623,9,9,
1624,6,6,
1625,8,8,
1626,9,9,
1627,9,9,
1628,11,11,
1629,5,5,
1630,13,13,
1631,6,6,
1632,9,9,
1633,10,10,
1634,7,7,
1635,13,13,
1636,9,9,
1637,6,6,
1638,15,15,
1639,11,11,
1640,5,5,
1641,8,8,
1642,5,5,
1643,9,9,
1644,14,14,
1645,7,7,
1646,8,8,
1647,7,7,
1648,5,5,
1649,15,15,
1650,9,9,
1651,10,10,
1652,12,12,
1653,10,10,
1654,14,14,
1655,9,9,
1656,9,9,
1657,8,8,
1658,13,13,
1659,10,10,
1660,9,9,
1661,11,11,
1662,6,6,
1663,9,9,
1664,11,11,
1665,11,11,
1666,6,6,
1667,7,7,
1668,3,3,
1669,8,8,
1670,16,16,
1671,7,7,
1672,4,4,
1673,8,8,
1674,16,16,
1675,4,4,
1676,14,14,
1677,19,19,
1678,7,7,
1679,11,11,
1680,6,6,
1681,4,4,
1682,6,6,
1683,1,1,
1684,8,8,
1685,5,5,
1686,9,9,
1687,3,3,
1688,10,10,
1689,10,10,
1690,9,9,
1691,2,2,
1692,5,5,
1693,3,3,
1694,7,7,
1695,8,8,
1696,5,5,
1697,8,8,
1698,11,11,
1699,9,9,
1700,3,3,
1701,4,4,
1702,7,7,
1703,10,10,
1704,7,7,
1705,5,5,
1706,8,8,
1707,4,4,
1708,10,10,
1709,6,6,
1710,6,6,
1711,9,9,
1712,6,6,
1713,3,3,
1714,8,8,
1715,11,11,
1716,7,7,
1717,5,5,
1718,8,8,
1719,6,6,
1720,7,7,
1721,8,8,
1722,11,11,
1723,9,9,
1724,5,5,
1725,8,8,
1726,5,5,
1727,13,13,
1728,13,13,
1729,3,3,
1730,8,8,
1731,14,14,
1732,22,22,
1733,26,26,
1734,67,67,
1735,127,127,
1736,161,161,
1737,134,134,
1738,94,94,
1739,35,35,
1740,15,15,
1741,10,10,
1742,9,9,
1743,9,9,
1744,5,5,
1745,4,4,
1746,4,4,
1747,7,7,
1748,3,3,
1749,6,6,
1750,7,7,
1751,4,4,
1752,8,8,
1753,5,5,
1754,5,5,
1755,5,5,
1756,7,7,
1757,6,6,
1758,5,5,
1759,7,7,
1760,6,6,
1761,8,8,
1762,5,5,
1763,9,9,
1764,4,4,
1765,10,10,
1766,7,7,
1767,8,8,
1768,5,5,
1769,4,4,
1770,3,3,
1771,4,4,
1772,4,4,
1773,4,4,
1774,4,4,
1775,4,4,
1776,7,7,
1777,3,3,
1778,3,3,
1779,3,3,
1780,3,3,
1781,8,8,
1782,4,4,
1783,4,4,
1784,10,10,
1785,6,6,
1786,3,3,
1787,6,6,
1788,9,9,
1789,2,2,
1790,9,9,
1791,9,9,
1792,6,6,
1793,2,2,
1794,6,6,
1795,3,3,
1796,4,4,
1797,4,4,
1798,6,6,
1799,6,6,
1800,6,6,
1801,6,6,
1802,9,9,
1803,7,7,
1804,3,3,
1805,2,2,
1806,7,7,
1807,1,1,
1808,6,6,
1809,4,4,
1810,9,9,
1811,5,5,
1812,5,5,
1813,6,6,
1814,9,9,
1815,7,7,
1816,8,8,
1817,10,10,
1818,4,4,
1819,5,5,
1820,5,5,
1821,7,7,
1822,6,6,
1823,3,3,
1824,11,11,
1825,4,4,
1826,9,9,
1827,5,5,
1828,3,3,
1829,6,6,
1830,2,2,
1831,5,5,
1832,7,7,
1833,5,5,
1834,3,3,
1835,2,2,
1836,7,7,
1837,2,2,
1838,6,6,
1839,6,6,
1840,2,2,
1841,,0,
1842,5,5,
1843,1,1,
1844,7,7,
1845,3,3,
1846,9,9,
1847,3,3,
1848,5,5,
1849,6,6,
1850,5,5,
1851,8,8,
1852,5,5,
1853,7,7,
1854,12,12,
1855,8,8,
1856,7,7,
1857,4,4,
1858,4,4,
1859,3,3,
1860,2,2,
1861,5,5,
1862,3,3,
1863,3,3,
1864,9,9,
1865,4,4,
1866,8,8,
1867,2,2,
1868,5,5,
1869,3,3,
1870,,0,
1871,9,9,
1872,3,3,
1873,4,4,
1874,3,3,
1875,5,5,
1876,,0,
1877,7,7,
1878,3,3,
1879,5,5,
1880,3,3,
1881,4,4,
1882,2,2,
1883,10,10,
1884,8,8,
1885,4,4,
1886,7,7,
1887,3,3,
1888,6,6,
1889,5,5,
1890,4,4,
1891,5,5,
1892,5,5,
1893,4,4,
1894,8,8,
1895,8,8,
1896,8,8,
1897,4,4,
1898,2,2,
1899,2,2,
1900,4,4,
1901,5,5,
1902,1,1,
1903,4,4,
1904,3,3,
1905,2,2,
1906,2,2,
1907,2,2,
1908,4,4,
1909,4,4,
1910,1,1,
1911,4,4,
1912,4,4,
1913,5,5,
1914,5,5,
1915,1,1,
1916,3,3,
1917,2,2,
1918,5,5,
1919,2,2,
1920,4,4,
1921,4,4,
1922,2,2,
1923,5,5,
1924,2,2,
1925,6,6,
1926,5,5,
1927,,0,
1928,,0,
1929,2,2,
1930,3,3,
1931,3,3,
1932,1,1,
1933,4,4,
1934,1,1,
1935,1,1,
1936,2,2,
1937,4,4,
1938,3,3,
1939,4,4,
1940,2,2,
1941,4,4,
1942,2,2,
1943,1,1,
1944,3,3,
1945,1,1,
1946,3,3,
1947,3,3,
1948,3,3,
1949,3,3,
1950,,0,
1951,,0,
1952,6,6,
1953,1,1,
1954,1,1,
1955,5,5,
1956,2,2,
1957,1,1,
1958,1,1,
1959,2,2,
1960,,0,
1961,3,3,
1962,2,2,
1963,5,5,
1964,,0,
1965,,0,
1966,2,2,
1967,5,5,
1968,2,2,
1969,,0,
1970,2,2,
1971,2,2,
1972,1,1,
1973,1,1,
1974,1,1,
1975,3,3,
1976,5,5,
1977,4,4,
1978,2,2,
1979,1,1,
1980,7,7,
1981,,0,
1982,2,2,
1983,3,3,
1984,2,2,
1985,3,3,
1986,2,2,
1987,2,2,
1988,,0,
1989,5,5,
1990,1,1,
1991,2,2,
1992,1,1,
1993,7,7,
1994,3,3,
1995,1,1,
1996,2,2,
1997,2,2,
1998,2,2,
1999,2,2,
2000,1,1,
2001,6,6,
2002,2,2,
2003,4,4,
2004,1,1,
2005,3,3,
2006,1,1,
2007,2,2,
2008,2,2,
2009,,0,
2010,3,3,
2011,1,1,
2012,2,2,
2013,2,2,
2014,1,1,
2015,1,1,
2016,3,3,
2017,3,3,
2018,3,3,
2019,1,1,
2020,3,3,
2021,2,2,
2022,3,3,
2023,4,4,
2024,,0,
2025,3,3,
2026,5,5,
2027,,0,
2028,,0,
2029,1,1,
2030,,0,
2031,4,4,
2032,1,1,
2033,,0,
2034,1,1,
2035,,0,
2036,5,5,
2037,1,1,
2038,2,2,
2039,1,1,
2040,,0,
2041,3,3,
2042,,0,
2043,3,3,
2044,1,1,
2045,1,1,
2046,1,1,
2047,1,1,
2048,1,1,
2049,2,2,
2050,3,3,
2051,1,1,
2052,2,2,
2053,2,2,
2054,1,1,
2055,,0,
2056,4,4,
2057,1,1,
2058,3,3,
2059,2,2,
2060,2,2,
2061,,0,
2062,1,1,
2063,1,1,
2064,2,2,
2065,2,2,
2066,4,4,
2067,1,1,
2068,1,1,
2069,,0,
2070,2,2,
2071,,0,
2072,1,1,
2073,4,4,
2074,2,2,
2075,1,1,
2076,2,2,
2077,1,1,
2078,2,2,
2079,2,2,
2080,1,1,
2081,4,4,
2082,4,4,
2083,4,4,
2084,4,4,
2085,2,2,
2086,,0,
2087,1,1,
2088,2,2,
2089,3,3,
2090,1,1,
2091,1,1,
2092,1,1,
2093,2,2,
2094,,0,
2095,4,4,
2096,6,6,
2097,8,8,
2098,5,5,
2099,6,6,
2100,9,9,
2101,2,2,
2102,3,3,
2103,2,2,
2104,4,4,
2105,1,1,
2106,,0,
2107,,0,
2108,1,1,
2109,,0,
2110,1,1,
2111,,0,
2112,2,2,
2113,4,4,
2114,1,1,
2115,,0,
2116,5,5,
2117,2,2,
2118,7,7,
2119,7,7,
2120,9,9,
2121,19,19,
2122,24,24,
2123,37,37,
2124,20,20,
2125,14,14,
2126,8,8,
2127,4,4,
2128,1,1,
2129,2,2,
2130,,0,
2131,,0,
2132,,0,
2133,1,1,
2134,3,3,
2135,2,2,
2136,2,2,
2137,2,2,
2138,1,1,
2139,3,3,
2140,1,1,
2141,2,2,
2142,,0,
2143,1,1,
2144,1,1,
2145,1,1,
2146,2,2,
2147,1,1,
2148,2,2,
2149,,0,
2150,1,1,
2151,1,1,
2152,3,3,
2153,3,3,
2154,2,2,
2155,2,2,
2156,,0,
2157,1,1,
2158,3,3,
2159,2,2,
2160,,0,
2161,1,1,
2162,1,1,
2163,,0,
2164,1,1,
2165,,0,
2166,1,1,
2167,,0,
2168,1,1,
2169,2,2,
2170,1,1,
2171,4,4,
2172,2,2,
2173,2,2,
2174,,0,
2175,,0,
2176,2,2,
2177,1,1,
2178,1,1,
2179,,0,
2180,3,3,
2181,,0,
2182,1,1,
2183,2,2,
2184,3,3,
2185,,0,
2186,,0,
2187,2,2,
2188,,0,
2189,1,1,
2190,,0,
2191,2,2,
2192,,0,
2193,1,1,
2194,2,2,
2195,1,1,
2196,1,1,
2197,,0,
2198,,0,
2199,3,3,
2200,1,1,
2201,3,3,
2202,1,1,
2203,2,2,
2204,1,1,
2205,1,1,
2206,,0,
2207,2,2,
2208,1,1,
2209,1,1,
2210,1,1,
2211,,0,
2212,1,1,
2213,1,1,
2214,,0,
2215,2,2,
2216,1,1,
2217,1,1,
2218,2,2,
2219,2,2,
2220,,0,
2221,2,2,
2222,1,1,
2223,1,1,
2224,,0,
2225,,0,
2226,1,1,
2227,,0,
2228,,0,
2229,,0,
2230,1,1,
2231,,0,
2232,1,1,
2233,,0,
2234,1,1,
2235,1,1,
2236,,0,
2237,1,1,
2238,,0,
2239,1,1,
2240,1,1,
2241,,0,
2242,2,2,
2243,4,4,
2244,1,1,
2245,1,1,
2246,3,3,
2247,,0,
2248,1,1,
2249,,0,
2250,,0,
2251,1,1,
2252,1,1,
2253,,0,
2254,2,2,
2255,,0,
2256,,0,
2257,,0,
2258,3,3,
2259,,0,
2260,2,2,
2261,1,1,
2262,,0,
2263,,0,
2264,,0,
2265,,0,
2266,1,1,
2267,2,2,
2268,1,1,
2269,1,1,
2270,2,2,
2271,,0,
2272,1,1,
2273,,0,
2274,2,2,
2275,,0,
2276,,0,
2277,,0,
2278,2,2,
2279,,0,
2280,2,2,
2281,4,4,
2282,1,1,
2283,,0,
2284,,0,
2285,1,1,
2286,1,1,
2287,3,3,
2288,2,2,
2289,,0,
2290,,0,
2291,3,3,
2292,,0,
2293,,0,
2294,1,1,
2295,2,2,
2296,1,1,
2297,1,1,
2298,1,1,
2299,2,2,
2300,1,1,
2301,2,2,
2302,1,1,
2303,3,3,
2304,,0,
2305,1,1,
2306,1,1,
2307,,0,
2308,,0,
2309,2,2,
2310,,0,
2311,1,1,
2312,,0,
2313,2,2,
2314,1,1,
2315,,0,
2316,,0,
2317,,0,
2318,1,1,
2319,,0,
2320,2,2,
2321,2,2,
2322,4,4,
2323,1,1,
2324,1,1,
2325,,0,
2326,,0,
2327,,0,
2328,1,1,
2329,2,2,
2330,,0,
2331,3,3,
2332,1,1,
2333,1,1,
2334,,0,
2335,1,1,
2336,1,1,
2337,1,1,
2338,2,2,
2339,3,3,
2340,1,1,
2341,2,2,
2342,4,4,
2343,,0,
2344,,0,
2345,,0,
2346,,0,
2347,1,1,
2348,1,1,
2349,1,1,
2350,2,2,
2351,,0,
2352,1,1,
2353,1,1,
2354,1,1,
2355,1,1,
2356,1,1,
2357,1,1,
2358,2,2,
2359,,0,
2360,,0,
2361,,0,
2362,1,1,
2363,,0,
2364,,0,
2365,2,2,
2366,1,1,
2367,2,2,
2368,,0,
2369,1,1,
2370,,0,
2371,1,1,
2372,,0,
2373,,0,
2374,2,2,
2375,,0,
2376,,0,
2377,1,1,
2378,,0,
2379,1,1,
2380,,0,
2381,2,2,
2382,1,1,
2383,,0,
2384,2,2,
2385,1,1,
2386,,0,
2387,2,2,
2388,4,4,
2389,,0,
2390,1,1,
2391,1,1,
2392,,0,
2393,1,1,
2394,1,1,
2395,2,2,
2396,,0,
2397,2,2,
2398,,0,
2399,,0,
2400,,0,
2401,1,1,
2402,1,1,
2403,,0,
2404,,0,
2405,1,1,
2406,2,2,
2407,1,1,
2408,1,1,
2409,1,1,
2410,,0,
2411,2,2,
2412,,0,
2413,1,1,
2414,,0,
2415,1,1,
2416,,0,
2417,2,2,
2418,2,2,
2419,1,1,
2420,2,2,
2421,2,2,
2422,1,1,
2423,1,1,
2424,1,1,
2425,,0,
2426,1,1,
2427,1,1,
2428,,0,
2429,,0,
2430,1,1,
2431,2,2,
2432,,0,
2433,,0,
2434,2,2,
2435,,0,
2436,1,1,
2437,,0,
2438,,0,
2439,,0,
2440,1,1,
2441,1,1,
2442,,0,
2443,1,1,
2444,1,1,
2445,,0,
2446,1,1,
2447,1,1,
2448,1,1,
2449,1,1,
2450,1,1,
2451,2,2,
2452,1,1,
2453,2,2,
2454,1,1,
2455,,0,
2456,2,2,
2457,,0,
2458,,0,
2459,2,2,
2460,2,2,
2461,3,3,
2462,,0,
2463,,0,
2464,,0,
2465,1,1,
2466,1,1,
2467,5,5,
2468,,0,
2469,,0,
2470,2,2,
2471,1,1,
2472,,0,
2473,,0,
2474,,0,
2475,,0,
2476,1,1,
2477,2,2,
2478,,0,
2479,,0,
2480,1,1,
2481,1,1,
2482,,0,
2483,2,2,
2484,1,1,
2485,1,1,
2486,1,1,
2487,3,3,
2488,,0,
2489,,0,
2490,1,1,
2491,,0,
2492,,0,
2493,2,2,
2494,3,3,
2495,,0,
2496,,0,
2497,4,4,
2498,,0,
2499,1,1,
2500,6,6,
2501,1,1,
2502,2,2,
2503,2,2,
2504,2,2,
2505,3,3,
2506,2,2,
2507,,0,
2508,2,2,
2509,,0,
2510,3,3,
2511,,0,
2512,,0,
2513,,0,
2514,,0,
2515,1,1,
2516,4,4,
2517,1,1,
2518,1,1,
2519,1,1,
2520,2,2,
2521,2,2,
2522,,0,
2523,,0,
2524,,0,
2525,1,1,
2526,,0,
2527,,0,
2528,1,1,
2529,1,1,
2530,,0,
2531,,0,
2532,1,1,
2533,1,1,
2534,1,1,
2535,2,2,
2536,,0,
2537,1,1,
2538,1,1,
2539,,0,
2540,,0,
2541,,0,
2542,1,1,
2543,1,1,
2544,1,1,
2545,,0,
2546,,0,
2547,,0,
2548,,0,
2549,,0,
2550,1,1,
2551,1,1,
2552,2,2,
2553,2,2,
2554,3,3,
2555,,0,
2556,,0,
2557,1,1,
2558,2,2,
2559,1,1,
2560,,0,
2561,,0,
2562,,0,
2563,,0,
2564,,0,
2565,1,1,
2566,1,1,
2567,2,2,
2568,,0,
2569,,0,
2570,1,1,
2571,,0,
2572,,0,
2573,,0,
2574,,0,
2575,1,1,
2576,,0,
2577,2,2,
2578,,0,
2579,1,1,
2580,,0,
2581,,0,
2582,,0,
2583,1,1,
2584,2,2,
2585,,0,
2586,3,3,
2587,1,1,
2588,,0,
2589,,0,
2590,,0,
2591,,0,
2592,,0,
2593,1,1,
2594,2,2,
2595,1,1,
2596,1,1,
2597,1,1,
2598,1,1,
2599,,0,
2600,1,1,
2601,1,1,
2602,1,1,
2603,1,1,
2604,1,1,
2605,,0,
2606,,0,
2607,2,2,
2608,,0,
2609,2,2,
2610,,0,
2611,,0,
2612,,0,
2613,,0,
2614,2,2,
2615,,0,
2616,,0,
2617,,0,
2618,3,3,
2619,1,1,
2620,2,2,
2621,3,3,
2622,,0,
2623,1,1,
2624,,0,
2625,,0,
2626,1,1,
2627,,0,
2628,,0,
2629,1,1,
2630,,0,
2631,,0,
2632,,0,
2633,,0,
2634,2,2,
2635,,0,
2636,1,1,
2637,,0,
2638,,0,
2639,,0,
2640,3,3,
2641,1,1,
2642,1,1,
2643,1,1,
2644,1,1,
2645,,0,
2646,,0,
2647,1,1,
2648,,0,
2649,1,1,
2650,,0,
2651,1,1,
2652,3,3,
2653,2,2,
2654,1,1,
2655,,0,
2656,,0,
2657,,0,
2658,,0,
2659,2,2,
2660,,0,
2661,2,2,
2662,1,1,
2663,1,1,
2664,1,1,
2665,,0,
2666,2,2,
2667,1,1,
2668,,0,
2669,2,2,
2670,2,2,
2671,,0,
2672,2,2,
2673,2,2,
2674,1,1,
2675,,0,
2676,1,1,
2677,1,1,
2678,,0,
2679,,0,
2680,2,2,
2681,,0,
2682,1,1,
2683,1,1,
2684,,0,
2685,,0,
2686,2,2,
2687,,0,
2688,1,1,
2689,,0,
2690,1,1,
2691,3,3,
2692,,0,
2693,1,1,
2694,,0,
2695,1,1,
2696,2,2,
2697,,0,
2698,,0,
2699,,0,
2700,1,1,
2701,,0,
2702,,0,
2703,2,2,
2704,,0,
2705,,0,
2706,2,2,
2707,1,1,
2708,1,1,
2709,,0,
2710,1,1,
2711,,0,
2712,3,3,
2713,1,1,
2714,1,1,
2715,,0,
2716,2,2,
2717,,0,
2718,,0,
2719,3,3,
2720,,0,
2721,1,1,
2722,2,2,
2723,,0,
2724,1,1,
2725,,0,
2726,1,1,
2727,1,1,
2728,,0,
2729,2,2,
2730,,0,
2731,2,2,
2732,1,1,
2733,2,2,
2734,,0,
2735,1,1,
2736,,0,
2737,,0,
2738,1,1,
2739,1,1,
2740,1,1,
2741,,0,
2742,2,2,
2743,1,1,
2744,2,2,
2745,,0,
2746,2,2,
2747,,0,
2748,,0,
2749,,0,
2750,1,1,
2751,2,2,
2752,,0,
2753,,0,
2754,4,4,
2755,1,1,
2756,1,1,
2757,1,1,
2758,,0,
2759,1,1,
2760,2,2,
2761,,0,
2762,2,2,
2763,3,3,
2764,1,1,
2765,1,1,
2766,1,1,
2767,2,2,
2768,,0,
2769,1,1,
2770,2,2,
2771,1,1,
2772,1,1,
2773,2,2,
2774,1,1,
2775,1,1,
2776,2,2,
2777,1,1,
2778,1,1,
2779,,0,
2780,1,1,
2781,2,2,
2782,,0,
2783,1,1,
2784,1,1,
2785,2,2,
2786,2,2,
2787,1,1,
2788,,0,
2789,,0,
2790,,0,
2791,1,1,
2792,1,1,
2793,,0,
2794,1,1,
2795,4,4,
2796,1,1,
2797,1,1,
2798,,0,
2799,3,3,
2800,1,1,
2801,1,1,
2802,1,1,
2803,2,2,
2804,,0,
2805,1,1,
2806,1,1,
2807,,0,
2808,,0,
2809,4,4,
2810,2,2,
2811,2,2,
2812,2,2,
2813,,0,
2814,1,1,
2815,,0,
2816,3,3,
2817,,0,
2818,1,1,
2819,1,1,
2820,1,1,
2821,,0,
2822,,0,
2823,,0,
2824,,0,
2825,,0,
2826,,0,
2827,2,2,
2828,1,1,
2829,1,1,
2830,1,1,
2831,,0,
2832,1,1,
2833,2,2,
2834,,0,
2835,,0,
2836,1,1,
2837,2,2,
2838,,0,
2839,1,1,
2840,1,1,
2841,,0,
2842,1,1,
2843,,0,
2844,1,1,
2845,,0,
2846,,0,
2847,1,1,
2848,1,1,
2849,,0,
2850,,0,
2851,,0,
2852,,0,
2853,1,1,
2854,,0,
2855,,0,
2856,,0,
2857,,0,
2858,1,1,
2859,,0,
2860,,0,
2861,1,1,
2862,,0,
2863,,0,
2864,,0,
2865,1,1,
2866,1,1,
2867,3,3,
2868,,0,
2869,,0,
2870,,0,
2871,,0,
2872,,0,
2873,,0,
2874,,0,
2875,1,1,
2876,1,1,
2877,,0,
2878,,0,
2879,,0,
2880,,0,
2881,,0,
2882,2,2,
2883,,0,
2884,,0,
2885,,0,
2886,,0,
2887,1,1,
2888,,0,
2889,,0,
2890,1,1,
2891,1,1,
2892,1,1,
2893,,0,
2894,,0,
2895,,0,
2896,1,1,
2897,1,1,
2898,,0,
2899,1,1,
2900,,0,
2901,1,1,
2902,2,2,
2903,,0,
2904,,0,
2905,,0,
2906,,0,
2907,1,1,
2908,,0,
2909,,0,
2910,,0,
2911,1,1,
2912,,0,
2913,2,2,
2914,1,1,
2915,,0,
2916,2,2,
2917,,0,
2918,,0,
2919,,0,
2920,2,2,
2921,1,1,
2922,,0,
2923,,0,
2924,,0,
2925,1,1,
2926,,0,
2927,,0,
2928,,0,
2929,,0,
2930,,0,
2931,1,1,
2932,,0,
2933,,0,
2934,,0,
2935,1,1,
2936,,0,
2937,,0,
2938,,0,
2939,,0,
2940,,0,
2941,,0,
2942,,0,
2943,1,1,
2944,,0,
2945,,0,
2946,,0,
2947,,0,
2948,,0,
2949,1,1,
2950,1,1,
2951,1,1,
2952,,0,
2953,1,1,
2954,1,1,
2955,,0,
2956,,0,
2957,,0,
2958,2,2,
2959,,0,
2960,1,1,
2961,,0,
2962,,0,
2963,,0,
2964,,0,
2965,1,1,
2966,,0,
2967,,0,
2968,,0,
2969,1,1,
2970,,0,
2971,1,1,
2972,,0,
2973,,0,
2974,1,1,
2975,,0,
2976,,0,
2977,,0,
2978,,0,
2979,,0,
2980,,0,
2981,,0,
2982,1,1,
2983,,0,
2984,,0,
2985,1,1,
2986,,0,
2987,,0,
2988,,0,
2989,,0,
2990,,0,
2991,2,2,
2992,,0,
2993,,0,
2994,1,1,
2995,,0,
2996,,0,
2997,,0,
2998,2,2,
2999,,0,
3000,,0,
3001,,0,
3002,,0,
3003,,0,
3004,,0,
3005,1,1,
3006,,0,
3007,,0,
3008,,0,
3009,,0,
3010,,0,
3011,1,1,
3012,,0,
3013,,0,
3014,,0,
3015,,0,
3016,,0,
3017,,0,
3018,,0,
3019,,0,
3020,2,2,
3021,,0,
3022,,0,
3023,1,1,
3024,,0,
3025,,0,
3026,,0,
3027,,0,
3028,,0,
3029,,0,
3030,,0,
3031,,0,
3032,,0,
3033,,0,
3034,,0,
3035,,0,
3036,,0,
3037,,0,
3038,,0,
3039,1,1,
3040,,0,
3041,,0,
3042,,0,
3043,,0,
3044,,0,
3045,,0,
3046,,0,
3047,,0,
3048,,0,
3049,,0,
3050,,0,
3051,2,2,
3052,,0,
3053,,0,
3054,1,1,
3055,,0,
3056,,0,
3057,,0,
3058,,0,
3059,1,1,
3060,1,1,
3061,,0,
3062,,0,
3063,,0,
3064,,0,
3065,1,1,
3066,,0,
3067,,0,
3068,2,2,
3069,,0,
3070,,0,
3071,1,1,
3072,,0,
3073,,0,
3074,,0,
3075,,0,
3076,,0,
3077,,0,
3078,,0,
3079,,0,
3080,2,2,
3081,,0,
3082,,0,
3083,,0,
3084,,0,
3085,,0,
3086,1,1,
3087,,0,
3088,,0,
3089,,0,
3090,,0,
3091,,0,
3092,,0,
3093,,0,
3094,,0,
3095,,0,
3096,,0,
3097,,0,
3098,,0,
3099,1,1,
3100,,0,
3101,,0,
3102,1,1,
3103,1,1,
3104,2,2,
3105,1,1,
3106,,0,
3107,,0,
3108,1,1,
3109,5,5,
3110,7,7,
3111,10,10,
3112,13,13,
3113,9,9,
3114,11,11,
3115,2,2,
3116,,0,
3117,,0,
3118,,0,
3119,,0,
3120,,0,
3121,,0,
3122,,0,
3123,,0,
3124,,0,
3125,,0,
3126,,0,
3127,,0,
3128,1,1,
3129,,0,
3130,,0,
3131,,0,
3132,,0,
3133,,0,
3134,,0,
3135,,0,
3136,,0,
3137,,0,
3138,,0,
3139,,0,
3140,,0,
3141,,0,
3142,,0,
3143,,0,
3144,,0,
3145,,0,
3146,,0,
3147,,0,
3148,,0,
3149,,0,
3150,,0,
3151,,0,
3152,,0,
3153,,0,
3154,,0,
3155,1,1,
3156,,0,
3157,,0,
3158,,0,
3159,,0,
3160,,0,
3161,,0,
3162,,0,
3163,,0,
3164,,0,
3165,,0,
3166,,0,
3167,,0,
3168,,0,
3169,,0,
3170,,0,
3171,,0,
3172,,0,
3173,,0,
3174,,0,
3175,,0,
3176,,0,
3177,,0,
3178,,0,
3179,,0,
3180,,0,
3181,,0,
3182,,0,
3183,,0,
3184,,0,
3185,,0,
3186,,0,
3187,,0,
3188,,0,
3189,,0,
3190,,0,
3191,,0,
3192,,0,
3193,,0,
3194,,0,
3195,,0,
3196,,0,
3197,,0,
3198,,0,
3199,,0,
3200,,0,
3201,,0,
3202,,0,
3203,,0,
3204,,0,
3205,,0,
3206,,0,
3207,,0,
3208,,0,
3209,,0,
3210,,0,
3211,,0,
3212,,0,
3213,,0,
3214,,0,
3215,,0,
3216,,0,
3217,,0,
3218,,0,
3219,,0,
3220,,0,
3221,,0,
3222,,0,
3223,,0,
3224,1,1,
3225,,0,
3226,,0,
3227,,0,
3228,,0,
3229,,0,
3230,,0,
3231,,0,
3232,,0,
3233,,0,
3234,1,1,
3235,,0,
3236,,0,
3237,,0,
3238,,0,
3239,,0,
3240,,0,
3241,,0,
3242,,0,
3243,,0,
3244,,0,
3245,,0,
3246,,0,
3247,,0,
3248,,0,
3249,,0,
3250,,0,
3251,,0,
3252,,0,
3253,,0,
3254,,0,
3255,,0,
3256,,0,
3257,,0,
3258,,0,
3259,,0,
3260,,0,
3261,,0,
3262,,0,
3263,,0,
3264,,0,
3265,,0,
3266,,0,
3267,,0,
3268,,0,
3269,,0,
3270,,0,
3271,,0,
3272,,0,
3273,,0,
3274,,0,
3275,,0,
3276,,0,
3277,,0,
3278,,0,
3279,,0,
3280,,0,
3281,1,1,
3282,,0,
3283,,0,
3284,,0,
3285,,0,
3286,,0,
3287,,0,
3288,,0,
3289,,0,
3290,,0,
3291,,0,
3292,,0,
3293,,0,
3294,,0,
3295,1,1,
3296,,0,
3297,,0,
3298,,0,
3299,,0,
3300,1,1,
3301,,0,
3302,,0,
3303,,0,
3304,,0,
3305,,0,
3306,,0,
3307,,0,
3308,,0,
3309,,0,
3310,,0,
3311,,0,
3312,,0,
3313,,0,
3314,1,1,
3315,,0,
3316,,0,
3317,,0,
3318,,0,
3319,,0,
3320,,0,
3321,,0,
3322,,0,
3323,,0,
3324,,0,
3325,,0,
3326,,0,
3327,,0,
3328,,0,
3329,,0,
3330,,0,
3331,,0,
3332,,0,
3333,,0,
3334,,0,
3335,,0,
3336,,0,
3337,,0,
3338,,0,
3339,,0,
3340,,0,
3341,,0,
3342,,0,
3343,,0,
3344,,0,
3345,,0,
3346,,0,
3347,,0,
3348,,0,
3349,,0,
3350,,0,
3351,,0,
3352,,0,
3353,,0,
3354,,0,
3355,,0,
3356,,0,
3357,,0,
3358,,0,
3359,,0,
3360,1,1,
3361,,0,
3362,,0,
3363,,0,
3364,,0,
3365,,0,
3366,,0,
3367,,0,
3368,,0,
3369,,0,
3370,1,1,
3371,,0,
3372,,0,
3373,,0,
3374,,0,
3375,,0,
3376,,0,
3377,,0,
3378,,0,
3379,,0,
3380,,0,
3381,,0,
3382,,0,
3383,,0,
3384,,0,
3385,,0,
3386,,0,
3387,,0,
3388,,0,
3389,,0,
3390,,0,
3391,,0,
3392,1,1,
3393,,0,
3394,,0,
3395,,0,
3396,,0,
3397,,0,
3398,1,1,
3399,,0,
3400,,0,
3401,,0,
3402,,0,
3403,,0,
3404,,0,
3405,,0,
3406,1,1,
3407,1,1,
3408,,0,
3409,,0,
3410,,0,
3411,,0,
3412,,0,
3413,,0,
3414,,0,
3415,,0,
3416,,0,
3417,,0,
3418,,0,
3419,,0,
3420,1,1,
3421,,0,
3422,,0,
3423,,0,
3424,,0,
3425,,0,
3426,,0,
3427,,0,
3428,,0,
3429,,0,
3430,,0,
3431,,0,
3432,,0,
3433,,0,
3434,,0,
3435,,0,
3436,,0,
3437,,0,
3438,,0,
3439,,0,
3440,,0,
3441,,0,
3442,,0,
3443,,0,
3444,,0,
3445,,0,
3446,,0,
3447,,0,
3448,,0,
3449,,0,
3450,,0,
3451,,0,
3452,,0,
3453,,0,
3454,,0,
3455,1,1,
3456,,0,
3457,,0,
3458,,0,
3459,,0,
3460,,0,
3461,,0,
3462,,0,
3463,,0,
3464,,0,
3465,,0,
3466,,0,
3467,,0,
3468,,0,
3469,,0,
3470,,0,
3471,,0,
3472,,0,
3473,,0,
3474,,0,
3475,,0,
3476,,0,
3477,,0,
3478,,0,
3479,,0,
3480,,0,
3481,,0,
3482,,0,
3483,,0,
3484,,0,
3485,,0,
3486,,0,
3487,,0,
3488,,0,
3489,,0,
3490,,0,
3491,,0,
3492,,0,
3493,,0,
3494,,0,
3495,1,1,
3496,,0,
3497,,0,
3498,,0,
3499,,0,
3500,,0,
3501,,0,
3502,,0,
3503,,0,
3504,,0,
3505,,0,
3506,,0,
3507,,0,
3508,,0,
3509,,0,
3510,,0,
3511,1,1,
3512,,0,
3513,,0,
3514,1,1,
3515,,0,
3516,,0,
3517,,0,
3518,,0,
3519,,0,
3520,,0,
3521,,0,
3522,,0,
3523,,0,
3524,,0,
3525,,0,
3526,,0,
3527,,0,
3528,,0,
3529,,0,
3530,,0,
3531,,0,
3532,,0,
3533,,0,
3534,,0,
3535,,0,
3536,,0,
3537,,0,
3538,1,1,
3539,,0,
3540,,0,
3541,,0,
3542,,0,
3543,,0,
3544,,0,
3545,,0,
3546,,0,
3547,,0,
3548,,0,
3549,,0,
3550,,0,
3551,,0,
3552,,0,
3553,,0,
3554,,0,
3555,,0,
3556,,0,
3557,,0,
3558,,0,
3559,,0,
3560,,0,
3561,,0,
3562,,0,
3563,,0,
3564,,0,
3565,,0,
3566,,0,
3567,,0,
3568,,0,
3569,,0,
3570,,0,
3571,,0,
3572,1,1,
3573,,0,
3574,,0,
3575,,0,
3576,,0,
3577,,0,
3578,,0,
3579,,0,
3580,,0,
3581,,0,
3582,,0,
3583,,0,
3584,,0,
3585,,0,
3586,,0,
3587,,0,
3588,,0,
3589,,0,
3590,,0,
3591,,0,
3592,,0,
3593,,0,
3594,,0,
3595,,0,
3596,,0,
3597,,0,
3598,,0,
3599,,0,
3600,,0,
3601,,0,
3602,,0,
3603,,0,
3604,,0,
3605,,0,
3606,,0,
3607,,0,
3608,,0,
3609,,0,
3610,,0,
3611,,0,
3612,,0,
3613,,0,
3614,,0,
3615,,0,
3616,,0,
3617,,0,
3618,,0,
3619,,0,
3620,,0,
3621,,0,
3622,,0,
3623,,0,
3624,,0,
3625,,0,
3626,,0,
3627,,0,
3628,,0,
3629,,0,
3630,,0,
3631,,0,
3632,,0,
3633,,0,
3634,,0,
3635,,0,
3636,,0,
3637,,0,
3638,,0,
3639,,0,
3640,,0,
3641,,0,
3642,,0,
3643,,0,
3644,,0,
3645,,0,
3646,,0,
3647,,0,
3648,,0,
3649,1,1,
3650,,0,
3651,,0,
3652,,0,
3653,,0,
3654,,0,
3655,,0,
3656,,0,
3657,,0,
3658,,0,
3659,,0,
3660,,0,
3661,,0,
3662,,0,
3663,,0,
3664,,0,
3665,1,1,
3666,,0,
3667,,0,
3668,,0,
3669,,0,
3670,,0,
3671,1,1,
3672,,0,
3673,,0,
3674,,0,
3675,,0,
3676,,0,
3677,,0,
3678,,0,
3679,,0,
3680,,0,
3681,,0,
3682,,0,
3683,,0,
3684,,0,
3685,,0,
3686,,0,
3687,,0,
3688,,0,
3689,,0,
3690,,0,
3691,,0,
3692,,0,
3693,,0,
3694,,0,
3695,,0,
3696,,0,
3697,,0,
3698,,0,
3699,,0,
3700,,0,
3701,,0,
3702,,0,
3703,1,1,
3704,,0,
3705,,0,
3706,,0,
3707,,0,
3708,,0,
3709,,0,
3710,,0,
3711,,0,
3712,,0,
3713,,0,
3714,,0,
3715,,0,
3716,,0,
3717,,0,
3718,1,1,
3719,,0,
3720,,0,
3721,,0,
3722,,0,
3723,1,1,
3724,,0,
3725,,0,
3726,,0,
3727,,0,
3728,,0,
3729,,0,
3730,,0,
3731,,0,
3732,,0,
3733,,0,
3734,,0,
3735,,0,
3736,1,1,
3737,,0,
3738,,0,
3739,,0,
3740,,0,
3741,,0,
3742,,0,
3743,,0,
3744,,0,
3745,,0,
3746,,0,
3747,,0,
3748,,0,
3749,,0,
3750,,0,
3751,,0,
3752,,0,
3753,,0,
3754,,0,
3755,,0,
3756,,0,
3757,,0,
3758,,0,
3759,,0,
3760,,0,
3761,,0,
3762,,0,
3763,,0,
3764,,0,
3765,,0,
3766,,0,
3767,,0,
3768,,0,
3769,,0,
3770,,0,
3771,,0,
3772,,0,
3773,,0,
3774,,0,
3775,,0,
3776,,0,
3777,,0,
3778,,0,
3779,,0,
3780,,0,
3781,,0,
3782,,0,
3783,,0,
3784,,0,
3785,,0,
3786,,0,
3787,,0,
3788,,0,
3789,,0,
3790,,0,
3791,,0,
3792,,0,
3793,,0,
3794,,0,
3795,,0,
3796,,0,
3797,,0,
3798,,0,
3799,,0,
3800,,0,
3801,,0,
3802,,0,
3803,,0,
3804,,0,
3805,,0,
3806,,0,
3807,,0,
3808,,0,
3809,,0,
3810,,0,
3811,1,1,
3812,,0,
3813,,0,
3814,,0,
3815,,0,
3816,,0,
3817,,0,
3818,,0,
3819,,0,
3820,,0,
3821,,0,
3822,,0,
3823,,0,
3824,,0,
3825,,0,
3826,,0,
3827,,0,
3828,,0,
3829,,0,
3830,,0,
3831,,0,
3832,,0,
3833,,0,
3834,,0,
3835,,0,
3836,,0,
3837,,0,
3838,,0,
3839,,0,
3840,,0,
3841,,0,
3842,,0,
3843,,0,
3844,,0,
3845,,0,
3846,,0,
3847,,0,
3848,,0,
3849,,0,
3850,,0,
3851,,0,
3852,,0,
3853,,0,
3854,,0,
3855,,0,
3856,,0,
3857,,0,
3858,,0,
3859,,0,
3860,,0,
3861,,0,
3862,,0,
3863,,0,
3864,,0,
3865,,0,
3866,,0,
3867,,0,
3868,,0,
3869,,0,
3870,,0,
3871,,0,
3872,,0,
3873,,0,
3874,,0,
3875,,0,
3876,,0,
3877,,0,
3878,,0,
3879,,0,
3880,,0,
3881,,0,
3882,,0,
3883,,0,
3884,,0,
3885,,0,
3886,,0,
3887,,0,
3888,,0,
3889,,0,
3890,,0,
3891,,0,
3892,,0,
3893,,0,
3894,,0,
3895,,0,
3896,,0,
3897,,0,
3898,1,1,
3899,,0,
3900,,0,
3901,,0,
3902,,0,
3903,1,1,
3904,,0,
3905,,0,
3906,,0,
3907,,0,
3908,,0,
3909,,0,
3910,,0,
3911,,0,
3912,,0,
3913,,0,
3914,,0,
3915,,0,
3916,,0,
3917,,0,
3918,,0,
3919,,0,
3920,,0,
3921,,0,
3922,,0,
3923,,0,
3924,,0,
3925,,0,
3926,,0,
3927,,0,
3928,,0,
3929,,0,
3930,,0,
3931,,0,
3932,,0,
3933,,0,
3934,,0,
3935,,0,
3936,,0,
3937,,0,
3938,,0,
3939,,0,
3940,,0,
3941,,0,
3942,,0,
3943,,0,
3944,1,1,
3945,,0,
3946,,0,
3947,,0,
3948,,0,
3949,,0,
3950,,0,
3951,,0,
3952,,0,
3953,,0,
3954,,0,
3955,,0,
3956,,0,
3957,,0,
3958,,0,
3959,,0,
3960,,0,
3961,,0,
3962,,0,
3963,,0,
3964,,0,
3965,,0,
3966,,0,
3967,,0,
3968,,0,
3969,,0,
3970,,0,
3971,,0,
3972,,0,
3973,,0,
3974,,0,
3975,,0,
3976,,0,
3977,,0,
3978,,0,
3979,,0,
3980,,0,
3981,,0,
3982,,0,
3983,,0,
3984,,0,
3985,,0,
3986,,0,
3987,,0,
3988,1,1,
3989,,0,
3990,,0,
3991,,0,
3992,,0,
3993,,0,
3994,,0,
3995,,0,
3996,,0,
3997,,0,
3998,,0,
3999,,0,
4000,,0,
4001,,0,
4002,,0,
4003,,0,
4004,,0,
4005,,0,
4006,,0,
4007,,0,
4008,,0,
4009,,0,
4010,,0,
4011,,0,
4012,,0,
4013,,0,
4014,,0,
4015,,0,
4016,,0,
4017,,0,
4018,,0,
4019,1,1,
4020,,0,
4021,,0,
4022,,0,
4023,,0,
4024,,0,
4025,,0,
4026,,0,
4027,,0,
4028,,0,
4029,,0,
4030,,0,
4031,,0,
4032,,0,
4033,,0,
4034,,0,
4035,,0,
4036,,0,
4037,,0,
4038,,0,
4039,,0,
4040,,0,
4041,,0,
4042,,0,
4043,,0,
4044,,0,
4045,,0,
4046,,0,
4047,,0,
4048,,0,
4049,1,1,
4050,,0,
4051,,0,
4052,,0,
4053,,0,
4054,,0,
4055,,0,
4056,,0,
4057,,0,
4058,,0,
4059,,0,
4060,,0,
4061,,0,
4062,,0,
4063,,0,
4064,,0,
4065,,0,
4066,,0,
4067,,0,
4068,,0,
4069,,0,
4070,,0,
4071,,0,
4072,,0,
4073,,0,
4074,,0,
4075,,0,
4076,,0,
4077,,0,
4078,,0,
4079,,0,
4080,,0,
4081,,0,
4082,,0,
4083,,0,
4084,,0,
4085,,0,
4086,,0,
4087,,0,
4088,,0,
4089,,0,
4090,,0,
4091,,0,
4092,,0,
4093,,0,
4094,,0,
4095,,0,
,,,