"2022/04/28","14:22:15",229.24,600
"",,,
0,,0,
1,,0,
2,,0,
3,,0,
4,,0,
5,,0,
6,,0,
7,,0,
8,,0,
9,,0,
10,,0,
11,,0,
12,,0,
13,,0,
14,,0,
15,,0,
16,,0,
17,,0,
18,,0,
19,1,1,
20,5,5,
21,7,7,
22,7,7,
23,3,3,
24,5,5,
25,5,5,
26,9,9,
27,3,3,
28,10,10,
29,8,8,
30,14,14,
31,14,14,
32,12,12,
33,28,28,
34,25,25,
35,28,28,
36,18,18,
37,11,11,
38,5,5,
39,5,5,
40,4,4,
41,5,5,
42,4,4,
43,9,9,
44,386,386,
45,10012,10012,
46,10584,10584,
47,10599,10599,
48,10307,10307,
49,9968,9968,
50,10061,10061,
51,9725,9725,
52,9752,9752,
53,9556,9556,
54,9445,9445,
55,9449,9449,
56,9230,9230,
57,9180,9180,
58,9104,9104,
59,8930,8930,
60,9083,9083,
61,8837,8837,
62,8967,8967,
63,9132,9132,
64,8709,8709,
65,8772,8772,
66,8818,8818,
67,8666,8666,
68,8699,8699,
69,8532,8532,
70,8680,8680,
71,8598,8598,
72,8622,8622,
73,8430,8430,
74,8330,8330,
75,8195,8195,
76,8159,8159,
77,8087,8087,
78,8018,8018,
79,7942,7942,
80,7925,7925,
81,8040,8040,
82,7919,7919,
83,7877,7877,
84,7894,7894,
85,7782,7782,
86,7861,7861,
87,7770,7770,
88,7779,7779,
89,7690,7690,
90,7771,7771,
91,7753,7753,
92,7677,7677,
93,7697,7697,
94,7532,7532,
95,7592,7592,
96,7710,7710,
97,7632,7632,
98,7501,7501,
99,7636,7636,
100,7642,7642,
101,7539,7539,
102,7599,7599,
103,7691,7691,
104,7438,7438,
105,7478,7478,
106,7443,7443,
107,7362,7362,
108,7467,7467,
109,7463,7463,
110,7378,7378,
111,7432,7432,
112,7303,7303,
113,7092,7092,
114,7322,7322,
115,7181,7181,
116,7259,7259,
117,7308,7308,
118,7308,7308,
119,7296,7296,
120,7240,7240,
121,7131,7131,
122,7428,7428,
123,7315,7315,
124,7237,7237,
125,7178,7178,
126,7267,7267,
127,7171,7171,
128,7294,7294,
129,7354,7354,
130,7179,7179,
131,7389,7389,
132,7260,7260,
133,7213,7213,
134,7273,7273,
135,7387,7387,
136,7352,7352,
137,7169,7169,
138,7263,7263,
139,7173,7173,
140,7052,7052,
141,7138,7138,
142,7367,7367,
143,7003,7003,
144,7143,7143,
145,7160,7160,
146,7254,7254,
147,7361,7361,
148,7232,7232,
149,7183,7183,
150,7166,7166,
151,7214,7214,
152,7227,7227,
153,7142,7142,
154,7215,7215,
155,7175,7175,
156,7203,7203,
157,7128,7128,
158,7106,7106,
159,7274,7274,
160,7149,7149,
161,7278,7278,
162,7290,7290,
163,7068,7068,
164,7172,7172,
165,7006,7006,
166,7051,7051,
167,7249,7249,
168,7021,7021,
169,7308,7308,
170,7063,7063,
171,7209,7209,
172,7257,7257,
173,7086,7086,
174,7239,7239,
175,7040,7040,
176,7046,7046,
177,6985,6985,
178,7232,7232,
179,6993,6993,
180,6885,6885,
181,7009,7009,
182,7097,7097,
183,6904,6904,
184,6930,6930,
185,6852,6852,
186,6954,6954,
187,6845,6845,
188,6975,6975,
189,7026,7026,
190,6962,6962,
191,7061,7061,
192,7102,7102,
193,7074,7074,
194,6964,6964,
195,6942,6942,
196,6948,6948,
197,7033,7033,
198,6963,6963,
199,6989,6989,
200,7061,7061,
201,6967,6967,
202,6958,6958,
203,7205,7205,
204,7140,7140,
205,7119,7119,
206,7375,7375,
207,7243,7243,
208,7308,7308,
209,7359,7359,
210,7420,7420,
211,7201,7201,
212,7438,7438,
213,7674,7674,
214,7706,7706,
215,8029,8029,
216,7982,7982,
217,8044,8044,
218,8082,8082,
219,8273,8273,
220,8322,8322,
221,8200,8200,
222,8108,8108,
223,8241,8241,
224,8279,8279,
225,8188,8188,
226,8279,8279,
227,8350,8350,
228,8350,8350,
229,8173,8173,
230,8133,8133,
231,8269,8269,
232,8227,8227,
233,8434,8434,
234,8257,8257,
235,8195,8195,
236,8371,8371,
237,8225,8225,
238,8384,8384,
239,8302,8302,
240,8374,8374,
241,8268,8268,
242,8364,8364,
243,8304,8304,
244,8192,8192,
245,8212,8212,
246,8186,8186,
247,8045,8045,
248,8048,8048,
249,8223,8223,
250,8206,8206,
251,7990,7990,
252,8118,8118,
253,7912,7912,
254,8129,8129,
255,8198,8198,
256,7914,7914,
257,7897,7897,
258,7967,7967,
259,7875,7875,
260,7940,7940,
261,7825,7825,
262,7845,7845,
263,7868,7868,
264,7860,7860,
265,7681,7681,
266,7845,7845,
267,7688,7688,
268,7729,7729,
269,7740,7740,
270,7724,7724,
271,7757,7757,
272,7532,7532,
273,7666,7666,
274,7573,7573,
275,7567,7567,
276,7730,7730,
277,7658,7658,
278,7661,7661,
279,7589,7589,
280,7690,7690,
281,7611,7611,
282,7569,7569,
283,7556,7556,
284,7462,7462,
285,7428,7428,
286,7565,7565,
287,7490,7490,
288,7397,7397,
289,7311,7311,
290,7341,7341,
291,7326,7326,
292,7111,7111,
293,7193,7193,
294,7305,7305,
295,7350,7350,
296,7334,7334,
297,7420,7420,
298,7466,7466,
299,7326,7326,
300,7260,7260,
301,7377,7377,
302,7337,7337,
303,7237,7237,
304,7500,7500,
305,7374,7374,
306,7192,7192,
307,7158,7158,
308,7346,7346,
309,7119,7119,
310,7304,7304,
311,7065,7065,
312,7142,7142,
313,7063,7063,
314,7012,7012,
315,7237,7237,
316,7090,7090,
317,7269,7269,
318,7179,7179,
319,7039,7039,
320,6952,6952,
321,7073,7073,
322,6831,6831,
323,7101,7101,
324,7047,7047,
325,7064,7064,
326,7092,7092,
327,7147,7147,
328,6965,6965,
329,7028,7028,
330,6999,6999,
331,6924,6924,
332,7161,7161,
333,6972,6972,
334,7039,7039,
335,7001,7001,
336,6991,6991,
337,7124,7124,
338,6875,6875,
339,7042,7042,
340,6984,6984,
341,6967,6967,
342,7015,7015,
343,7068,7068,
344,6950,6950,
345,6974,6974,
346,6877,6877,
347,6991,6991,
348,6992,6992,
349,6864,6864,
350,6833,6833,
351,6840,6840,
352,6821,6821,
353,7006,7006,
354,7030,7030,
355,7018,7018,
356,7061,7061,
357,7052,7052,
358,6959,6959,
359,6842,6842,
360,6927,6927,
361,6971,6971,
362,7074,7074,
363,6919,6919,
364,6988,6988,
365,6889,6889,
366,6810,6810,
367,6887,6887,
368,6877,6877,
369,6883,6883,
370,6893,6893,
371,7015,7015,
372,6953,6953,
373,7042,7042,
374,7045,7045,
375,7003,7003,
376,7132,7132,
377,6924,6924,
378,6886,6886,
379,7124,7124,
380,6905,6905,
381,7047,7047,
382,6899,6899,
383,6988,6988,
384,7007,7007,
385,7051,7051,
386,6993,6993,
387,6890,6890,
388,7001,7001,
389,7046,7046,
390,6965,6965,
391,7065,7065,
392,6958,6958,
393,7058,7058,
394,7086,7086,
395,6955,6955,
396,6960,6960,
397,7033,7033,
398,6942,6942,
399,6943,6943,
400,6893,6893,
401,7164,7164,
402,7090,7090,
403,7133,7133,
404,7180,7180,
405,7232,7232,
406,7051,7051,
407,7129,7129,
408,7128,7128,
409,7290,7290,
410,7295,7295,
411,7286,7286,
412,7120,7120,
413,7262,7262,
414,7275,7275,
415,7348,7348,
416,7207,7207,
417,7247,7247,
418,7326,7326,
419,7300,7300,
420,7304,7304,
421,7307,7307,
422,7290,7290,
423,7226,7226,
424,7285,7285,
425,7300,7300,
426,7401,7401,
427,7263,7263,
428,7309,7309,
429,7464,7464,
430,7453,7453,
431,7545,7545,
432,7252,7252,
433,7414,7414,
434,7376,7376,
435,7385,7385,
436,7514,7514,
437,7443,7443,
438,7342,7342,
439,7520,7520,
440,7712,7712,
441,7565,7565,
442,7476,7476,
443,7723,7723,
444,7785,7785,
445,7541,7541,
446,7775,7775,
447,7689,7689,
448,7842,7842,
449,7727,7727,
450,7695,7695,
451,7860,7860,
452,7873,7873,
453,7733,7733,
454,7970,7970,
455,7715,7715,
456,8034,8034,
457,7918,7918,
458,7735,7735,
459,8006,8006,
460,7940,7940,
461,8014,8014,
462,8068,8068,
463,7960,7960,
464,8074,8074,
465,8194,8194,
466,8098,8098,
467,8151,8151,
468,8210,8210,
469,8315,8315,
470,8146,8146,
471,8223,8223,
472,8293,8293,
473,8378,8378,
474,8092,8092,
475,8374,8374,
476,8167,8167,
477,8349,8349,
478,8302,8302,
479,8441,8441,
480,8522,8522,
481,8586,8586,
482,8447,8447,
483,8540,8540,
484,8501,8501,
485,8696,8696,
486,8700,8700,
487,8746,8746,
488,8681,8681,
489,8805,8805,
490,8919,8919,
491,8850,8850,
492,8773,8773,
493,8886,8886,
494,9055,9055,
495,8949,8949,
496,9093,9093,
497,9033,9033,
498,9208,9208,
499,9121,9121,
500,9221,9221,
501,9275,9275,
502,9409,9409,
503,9227,9227,
504,9426,9426,
505,9532,9532,
506,9496,9496,
507,9592,9592,
508,9625,9625,
509,9695,9695,
510,9662,9662,
511,9684,9684,
512,9672,9672,
513,9700,9700,
514,9868,9868,
515,9864,9864,
516,10144,10144,
517,10112,10112,
518,9921,9921,
519,10315,10315,
520,10142,10142,
521,10245,10245,
522,10411,10411,
523,10222,10222,
524,10408,10408,
525,10401,10401,
526,10509,10509,
527,10650,10650,
528,10648,10648,
529,10648,10648,
530,10675,10675,
531,10927,10927,
532,10968,10968,
533,10984,10984,
534,10909,10909,
535,11146,11146,
536,11266,11266,
537,11279,11279,
538,11338,11338,
539,11474,11474,
540,11568,11568,
541,11547,11547,
542,11587,11587,
543,11794,11794,
544,11825,11825,
545,11840,11840,
546,11822,11822,
547,11892,11892,
548,12128,12128,
549,12000,12000,
550,12148,12148,
551,12079,12079,
552,12154,12154,
553,11984,11984,
554,12021,12021,
555,12124,12124,
556,12033,12033,
557,11811,11811,
558,11906,11906,
559,11567,11567,
560,11300,11300,
561,11043,11043,
562,10562,10562,
563,10455,10455,
564,9855,9855,
565,9457,9457,
566,9012,9012,
567,8820,8820,
568,8635,8635,
569,8455,8455,
570,8180,8180,
571,7880,7880,
572,7932,7932,
573,7654,7654,
574,7447,7447,
575,7352,7352,
576,7317,7317,
577,7166,7166,
578,7032,7032,
579,7017,7017,
580,6926,6926,
581,6965,6965,
582,6749,6749,
583,6705,6705,
584,6791,6791,
585,6469,6469,
586,6350,6350,
587,6464,6464,
588,6400,6400,
589,6206,6206,
590,6214,6214,
591,6113,6113,
592,6120,6120,
593,5945,5945,
594,6070,6070,
595,5945,5945,
596,5792,5792,
597,6040,6040,
598,5744,5744,
599,5701,5701,
600,5775,5775,
601,5661,5661,
602,5717,5717,
603,5429,5429,
604,5447,5447,
605,5564,5564,
606,5432,5432,
607,5369,5369,
608,5229,5229,
609,5243,5243,
610,5102,5102,
611,5299,5299,
612,5011,5011,
613,5065,5065,
614,5002,5002,
615,5073,5073,
616,4921,4921,
617,4853,4853,
618,4805,4805,
619,4815,4815,
620,4709,4709,
621,4847,4847,
622,4730,4730,
623,4629,4629,
624,4583,4583,
625,4566,4566,
626,4466,4466,
627,4466,4466,
628,4509,4509,
629,4329,4329,
630,4260,4260,
631,4196,4196,
632,4292,4292,
633,4090,4090,
634,4042,4042,
635,4027,4027,
636,4049,4049,
637,3843,3843,
638,3896,3896,
639,3907,3907,
640,3822,3822,
641,3796,3796,
642,3617,3617,
643,3678,3678,
644,3490,3490,
645,3618,3618,
646,3332,3332,
647,3389,3389,
648,3343,3343,
649,3345,3345,
650,3221,3221,
651,3210,3210,
652,3169,3169,
653,3116,3116,
654,3107,3107,
655,3077,3077,
656,2977,2977,
657,2983,2983,
658,2870,2870,
659,2994,2994,
660,2788,2788,
661,2865,2865,
662,2758,2758,
663,2656,2656,
664,2694,2694,
665,2581,2581,
666,2648,2648,
667,2689,2689,
668,2524,2524,
669,2651,2651,
670,2629,2629,
671,2519,2519,
672,2461,2461,
673,2436,2436,
674,2454,2454,
675,2363,2363,
676,2413,2413,
677,2495,2495,
678,2392,2392,
679,2356,2356,
680,2330,2330,
681,2384,2384,
682,2352,2352,
683,2245,2245,
684,2288,2288,
685,2245,2245,
686,2214,2214,
687,2274,2274,
688,2266,2266,
689,2220,2220,
690,2236,2236,
691,2208,2208,
692,2185,2185,
693,2091,2091,
694,2255,2255,
695,2107,2107,
696,2215,2215,
697,2168,2168,
698,2137,2137,
699,2123,2123,
700,2111,2111,
701,2087,2087,
702,2018,2018,
703,2137,2137,
704,1989,1989,
705,2057,2057,
706,2024,2024,
707,1990,1990,
708,1920,1920,
709,1966,1966,
710,2106,2106,
711,1921,1921,
712,2004,2004,
713,1935,1935,
714,1968,1968,
715,1966,1966,
716,1993,1993,
717,1935,1935,
718,1984,1984,
719,1994,1994,
720,2003,2003,
721,1990,1990,
722,1898,1898,
723,1886,1886,
724,1901,1901,
725,1962,1962,
726,1987,1987,
727,1874,1874,
728,2046,2046,
729,1860,1860,
730,1916,1916,
731,1811,1811,
732,1968,1968,
733,1918,1918,
734,1873,1873,
735,1933,1933,
736,1846,1846,
737,1855,1855,
738,1796,1796,
739,1814,1814,
740,1863,1863,
741,1862,1862,
742,1784,1784,
743,1853,1853,
744,1814,1814,
745,1807,1807,
746,1761,1761,
747,1820,1820,
748,1749,1749,
749,1854,1854,
750,1820,1820,
751,1802,1802,
752,1811,1811,
753,1747,1747,
754,1805,1805,
755,1834,1834,
756,1867,1867,
757,1783,1783,
758,1859,1859,
759,1878,1878,
760,1935,1935,
761,1918,1918,
762,1958,1958,
763,2002,2002,
764,2175,2175,
765,2285,2285,
766,2566,2566,
767,2802,2802,
768,3222,3222,
769,3976,3976,
770,4715,4715,
771,5753,5753,
772,7260,7260,
773,9315,9315,
774,11906,11906,
775,14887,14887,
776,18804,18804,
777,23015,23015,
778,28206,28206,
779,34871,34871,
780,45056,45056,
781,62983,62983,
782,96948,96948,
783,143657,143657,
784,162782,162782,
785,133432,133432,
786,84034,84034,
787,43854,43854,
788,22892,22892,
789,14016,14016,
790,10789,10789,
791,9290,9290,
792,8383,8383,
793,7767,7767,
794,7352,7352,
795,6881,6881,
796,6541,6541,
797,6278,6278,
798,5958,5958,
799,5612,5612,
800,5319,5319,
801,5175,5175,
802,4982,4982,
803,4818,4818,
804,4751,4751,
805,4468,4468,
806,4388,4388,
807,4297,4297,
808,4294,4294,
809,4285,4285,
810,4042,4042,
811,3944,3944,
812,3972,3972,
813,3946,3946,
814,3889,3889,
815,3939,3939,
816,3898,3898,
817,3848,3848,
818,3938,3938,
819,3808,3808,
820,3971,3971,
821,3833,3833,
822,3696,3696,
823,3409,3409,
824,3061,3061,
825,2875,2875,
826,2716,2716,
827,2643,2643,
828,2539,2539,
829,2423,2423,
830,2303,2303,
831,2246,2246,
832,2189,2189,
833,2196,2196,
834,2233,2233,
835,2072,2072,
836,2123,2123,
837,2048,2048,
838,2018,2018,
839,2019,2019,
840,2013,2013,
841,2074,2074,
842,2085,2085,
843,2066,2066,
844,1954,1954,
845,1944,1944,
846,1940,1940,
847,1913,1913,
848,1975,1975,
849,1888,1888,
850,1887,1887,
851,1849,1849,
852,1850,1850,
853,1863,1863,
854,1851,1851,
855,1867,1867,
856,1787,1787,
857,1764,1764,
858,1771,1771,
859,1770,1770,
860,1707,1707,
861,1696,1696,
862,1728,1728,
863,1687,1687,
864,1742,1742,
865,1730,1730,
866,1626,1626,
867,1697,1697,
868,1662,1662,
869,1609,1609,
870,1634,1634,
871,1670,1670,
872,1607,1607,
873,1597,1597,
874,1578,1578,
875,1674,1674,
876,1546,1546,
877,1609,1609,
878,1616,1616,
879,1563,1563,
880,1534,1534,
881,1538,1538,
882,1480,1480,
883,1427,1427,
884,1526,1526,
885,1522,1522,
886,1506,1506,
887,1544,1544,
888,1452,1452,
889,1509,1509,
890,1543,1543,
891,1480,1480,
892,1436,1436,
893,1443,1443,
894,1433,1433,
895,1420,1420,
896,1446,1446,
897,1469,1469,
898,1394,1394,
899,1444,1444,
900,1432,1432,
901,1429,1429,
902,1409,1409,
903,1463,1463,
904,1435,1435,
905,1366,1366,
906,1381,1381,
907,1322,1322,
908,1407,1407,
909,1338,1338,
910,1435,1435,
911,1382,1382,
912,1429,1429,
913,1402,1402,
914,1342,1342,
915,1346,1346,
916,1359,1359,
917,1331,1331,
918,1367,1367,
919,1328,1328,
920,1369,1369,
921,1253,1253,
922,1355,1355,
923,1379,1379,
924,1317,1317,
925,1408,1408,
926,1309,1309,
927,1300,1300,
928,1273,1273,
929,1337,1337,
930,1307,1307,
931,1299,1299,
932,1303,1303,
933,1304,1304,
934,1287,1287,
935,1261,1261,
936,1163,1163,
937,1311,1311,
938,1254,1254,
939,1234,1234,
940,1278,1278,
941,1285,1285,
942,1283,1283,
943,1206,1206,
944,1210,1210,
945,1248,1248,
946,1308,1308,
947,1205,1205,
948,1186,1186,
949,1177,1177,
950,1201,1201,
951,1218,1218,
952,1214,1214,
953,1244,1244,
954,1187,1187,
955,1220,1220,
956,1204,1204,
957,1185,1185,
958,1144,1144,
959,1172,1172,
960,1201,1201,
961,1137,1137,
962,1118,1118,
963,1178,1178,
964,1163,1163,
965,1119,1119,
966,1124,1124,
967,1155,1155,
968,1165,1165,
969,1082,1082,
970,1149,1149,
971,1121,1121,
972,1172,1172,
973,1124,1124,
974,1070,1070,
975,1105,1105,
976,1121,1121,
977,1047,1047,
978,1053,1053,
979,1133,1133,
980,1140,1140,
981,1146,1146,
982,1097,1097,
983,1110,1110,
984,1111,1111,
985,1118,1118,
986,1093,1093,
987,1074,1074,
988,1013,1013,
989,1071,1071,
990,1069,1069,
991,1129,1129,
992,1110,1110,
993,1057,1057,
994,1075,1075,
995,1023,1023,
996,1111,1111,
997,1054,1054,
998,1087,1087,
999,1057,1057,
1000,1019,1019,
1001,1094,1094,
1002,1080,1080,
1003,1107,1107,
1004,1001,1001,
1005,1014,1014,
1006,1013,1013,
1007,986,986,
1008,1029,1029,
1009,1080,1080,
1010,1013,1013,
1011,1006,1006,
1012,1005,1005,
1013,999,999,
1014,1012,1012,
1015,1020,1020,
1016,961,961,
1017,979,979,
1018,1001,1001,
1019,1012,1012,
1020,975,975,
1021,1012,1012,
1022,937,937,
1023,957,957,
1024,953,953,
1025,957,957,
1026,907,907,
1027,932,932,
1028,964,964,
1029,955,955,
1030,938,938,
1031,908,908,
1032,934,934,
1033,954,954,
1034,930,930,
1035,914,914,
1036,864,864,
1037,895,895,
1038,931,931,
1039,940,940,
1040,961,961,
1041,930,930,
1042,944,944,
1043,918,918,
1044,840,840,
1045,860,860,
1046,898,898,
1047,901,901,
1048,931,931,
1049,895,895,
1050,878,878,
1051,913,913,
1052,869,869,
1053,805,805,
1054,807,807,
1055,852,852,
1056,884,884,
1057,885,885,
1058,813,813,
1059,905,905,
1060,876,876,
1061,822,822,
1062,859,859,
1063,858,858,
1064,793,793,
1065,834,834,
1066,877,877,
1067,856,856,
1068,832,832,
1069,807,807,
1070,852,852,
1071,821,821,
1072,834,834,
1073,807,807,
1074,824,824,
1075,820,820,
1076,772,772,
1077,770,770,
1078,835,835,
1079,795,795,
1080,760,760,
1081,818,818,
1082,748,748,
1083,795,795,
1084,754,754,
1085,771,771,
1086,779,779,
1087,749,749,
1088,747,747,
1089,737,737,
1090,721,721,
1091,741,741,
1092,801,801,
1093,719,719,
1094,794,794,
1095,739,739,
1096,703,703,
1097,744,744,
1098,765,765,
1099,775,775,
1100,773,773,
1101,754,754,
1102,708,708,
1103,778,778,
1104,748,748,
1105,752,752,
1106,732,732,
1107,739,739,
1108,707,707,
1109,739,739,
1110,687,687,
1111,737,737,
1112,681,681,
1113,699,699,
1114,699,699,
1115,667,667,
1116,690,690,
1117,677,677,
1118,692,692,
1119,676,676,
1120,697,697,
1121,637,637,
1122,681,681,
1123,660,660,
1124,653,653,
1125,640,640,
1126,700,700,
1127,719,719,
1128,658,658,
1129,667,667,
1130,718,718,
1131,642,642,
1132,685,685,
1133,685,685,
1134,678,678,
1135,692,692,
1136,630,630,
1137,668,668,
1138,637,637,
1139,637,637,
1140,639,639,
1141,666,666,
1142,678,678,
1143,651,651,
1144,633,633,
1145,687,687,
1146,675,675,
1147,612,612,
1148,626,626,
1149,605,605,
1150,607,607,
1151,619,619,
1152,590,590,
1153,629,629,
1154,618,618,
1155,616,616,
1156,603,603,
1157,657,657,
1158,602,602,
1159,620,620,
1160,621,621,
1161,615,615,
1162,565,565,
1163,561,561,
1164,608,608,
1165,613,613,
1166,611,611,
1167,628,628,
1168,570,570,
1169,586,586,
1170,564,564,
1171,659,659,
1172,586,586,
1173,611,611,
1174,575,575,
1175,620,620,
1176,566,566,
1177,551,551,
1178,595,595,
1179,584,584,
1180,583,583,
1181,559,559,
1182,585,585,
1183,586,586,
1184,587,587,
1185,573,573,
1186,601,601,
1187,566,566,
1188,563,563,
1189,547,547,
1190,533,533,
1191,563,563,
1192,547,547,
1193,539,539,
1194,544,544,
1195,515,515,
1196,536,536,
1197,564,564,
1198,535,535,
1199,543,543,
1200,525,525,
1201,584,584,
1202,521,521,
1203,568,568,
1204,545,545,
1205,498,498,
1206,529,529,
1207,548,548,
1208,567,567,
1209,512,512,
1210,526,526,
1211,542,542,
1212,543,543,
1213,526,526,
1214,565,565,
1215,534,534,
1216,551,551,
1217,542,542,
1218,509,509,
1219,501,501,
1220,561,561,
1221,502,502,
1222,493,493,
1223,542,542,
1224,499,499,
1225,533,533,
1226,476,476,
1227,485,485,
1228,554,554,
1229,497,497,
1230,504,504,
1231,504,504,
1232,481,481,
1233,519,519,
1234,506,506,
1235,520,520,
1236,480,480,
1237,504,504,
1238,531,531,
1239,520,520,
1240,498,498,
1241,497,497,
1242,527,527,
1243,498,498,
1244,503,503,
1245,509,509,
1246,496,496,
1247,508,508,
1248,485,485,
1249,491,491,
1250,454,454,
1251,463,463,
1252,506,506,
1253,480,480,
1254,465,465,
1255,489,489,
1256,498,498,
1257,492,492,
1258,498,498,
1259,437,437,
1260,477,477,
1261,461,461,
1262,463,463,
1263,464,464,
1264,457,457,
1265,467,467,
1266,482,482,
1267,455,455,
1268,432,432,
1269,458,458,
1270,472,472,
1271,519,519,
1272,474,474,
1273,481,481,
1274,516,516,
1275,440,440,
1276,492,492,
1277,484,484,
1278,463,463,
1279,494,494,
1280,464,464,
1281,507,507,
1282,473,473,
1283,463,463,
1284,467,467,
1285,433,433,
1286,440,440,
1287,463,463,
1288,428,428,
1289,443,443,
1290,475,475,
1291,459,459,
1292,453,453,
1293,425,425,
1294,443,443,
1295,392,392,
1296,425,425,
1297,428,428,
1298,435,435,
1299,436,436,
1300,463,463,
1301,466,466,
1302,456,456,
1303,413,413,
1304,423,423,
1305,428,428,
1306,432,432,
1307,428,428,
1308,427,427,
1309,441,441,
1310,432,432,
1311,450,450,
1312,397,397,
1313,415,415,
1314,389,389,
1315,414,414,
1316,447,447,
1317,421,421,
1318,400,400,
1319,394,394,
1320,424,424,
1321,423,423,
1322,431,431,
1323,399,399,
1324,396,396,
1325,378,378,
1326,427,427,
1327,398,398,
1328,396,396,
1329,393,393,
1330,401,401,
1331,415,415,
1332,393,393,
1333,382,382,
1334,408,408,
1335,348,348,
1336,371,371,
1337,350,350,
1338,372,372,
1339,421,421,
1340,388,388,
1341,364,364,
1342,330,330,
1343,342,342,
1344,375,375,
1345,340,340,
1346,336,336,
1347,344,344,
1348,287,287,
1349,355,355,
1350,317,317,
1351,307,307,
1352,304,304,
1353,347,347,
1354,322,322,
1355,328,328,
1356,268,268,
1357,304,304,
1358,317,317,
1359,302,302,
1360,283,283,
1361,295,295,
1362,264,264,
1363,268,268,
1364,301,301,
1365,272,272,
1366,275,275,
1367,301,301,
1368,293,293,
1369,258,258,
1370,265,265,
1371,271,271,
1372,285,285,
1373,248,248,
1374,271,271,
1375,283,283,
1376,253,253,
1377,260,260,
1378,290,290,
1379,265,265,
1380,272,272,
1381,231,231,
1382,253,253,
1383,233,233,
1384,221,221,
1385,265,265,
1386,240,240,
1387,263,263,
1388,265,265,
1389,226,226,
1390,242,242,
1391,215,215,
1392,226,226,
1393,239,239,
1394,251,251,
1395,224,224,
1396,232,232,
1397,248,248,
1398,235,235,
1399,219,219,
1400,251,251,
1401,262,262,
1402,237,237,
1403,228,228,
1404,239,239,
1405,230,230,
1406,211,211,
1407,233,233,
1408,221,221,
1409,232,232,
1410,231,231,
1411,236,236,
1412,210,210,
1413,199,199,
1414,190,190,
1415,201,201,
1416,220,220,
1417,225,225,
1418,209,209,
1419,207,207,
1420,195,195,
1421,218,218,
1422,213,213,
1423,204,204,
1424,199,199,
1425,198,198,
1426,168,168,
1427,185,185,
1428,209,209,
1429,180,180,
1430,189,189,
1431,191,191,
1432,173,173,
1433,175,175,
1434,219,219,
1435,199,199,
1436,190,190,
1437,202,202,
1438,209,209,
1439,205,205,
1440,187,187,
1441,181,181,
1442,207,207,
1443,170,170,
1444,195,195,
1445,178,178,
1446,183,183,
1447,183,183,
1448,206,206,
1449,183,183,
1450,202,202,
1451,170,170,
1452,194,194,
1453,176,176,
1454,204,204,
1455,214,214,
1456,187,187,
1457,204,204,
1458,162,162,
1459,167,167,
1460,184,184,
1461,180,180,
1462,157,157,
1463,172,172,
1464,174,174,
1465,192,192,
1466,173,173,
1467,153,153,
1468,173,173,
1469,161,161,
1470,199,199,
1471,193,193,
1472,170,170,
1473,167,167,
1474,170,170,
1475,187,187,
1476,183,183,
1477,166,166,
1478,160,160,
1479,168,168,
1480,146,146,
1481,182,182,
1482,181,181,
1483,146,146,
1484,175,175,
1485,172,172,
1486,189,189,
1487,172,172,
1488,174,174,
1489,184,184,
1490,154,154,
1491,179,179,
1492,186,186,
1493,177,177,
1494,177,177,
1495,162,162,
1496,153,153,
1497,149,149,
1498,173,173,
1499,151,151,
1500,163,163,
1501,179,179,
1502,157,157,
1503,176,176,
1504,170,170,
1505,174,174,
1506,164,164,
1507,169,169,
1508,164,164,
1509,175,175,
1510,181,181,
1511,172,172,
1512,200,200,
1513,185,185,
1514,189,189,
1515,168,168,
1516,174,174,
1517,182,182,
1518,163,163,
1519,173,173,
1520,173,173,
1521,189,189,
1522,156,156,
1523,183,183,
1524,172,172,
1525,164,164,
1526,177,177,
1527,180,180,
1528,182,182,
1529,173,173,
1530,183,183,
1531,172,172,
1532,182,182,
1533,200,200,
1534,193,193,
1535,201,201,
1536,191,191,
1537,196,196,
1538,206,206,
1539,198,198,
1540,188,188,
1541,185,185,
1542,192,192,
1543,212,212,
1544,226,226,
1545,212,212,
1546,234,234,
1547,222,222,
1548,211,211,
1549,223,223,
1550,212,212,
1551,214,214,
1552,211,211,
1553,210,210,
1554,239,239,
1555,243,243,
1556,216,216,
1557,244,244,
1558,234,234,
1559,273,273,
1560,264,264,
1561,259,259,
1562,288,288,
1563,285,285,
1564,302,302,
1565,308,308,
1566,339,339,
1567,346,346,
1568,365,365,
1569,399,399,
1570,406,406,
1571,428,428,
1572,377,377,
1573,314,314,
1574,263,263,
1575,167,167,
1576,148,148,
1577,118,118,
1578,103,103,
1579,101,101,
1580,97,97,
1581,93,93,
1582,94,94,
1583,93,93,
1584,81,81,
1585,85,85,
1586,83,83,
1587,97,97,
1588,90,90,
1589,104,104,
1590,62,62,
1591,73,73,
1592,68,68,
1593,72,72,
1594,86,86,
1595,80,80,
1596,83,83,
1597,80,80,
1598,81,81,
1599,85,85,
1600,73,73,
1601,92,92,
1602,74,74,
1603,69,69,
1604,69,69,
1605,56,56,
1606,67,67,
1607,74,74,
1608,68,68,
1609,67,67,
1610,58,58,
1611,76,76,
1612,72,72,
1613,48,48,
1614,46,46,
1615,70,70,
1616,58,58,
1617,66,66,
1618,53,53,
1619,57,57,
1620,54,54,
1621,58,58,
1622,68,68,
1623,70,70,
1624,68,68,
1625,65,65,
1626,54,54,
1627,52,52,
1628,44,44,
1629,68,68,
1630,53,53,
1631,59,59,
1632,49,49,
1633,54,54,
1634,55,55,
1635,53,53,
1636,57,57,
1637,54,54,
1638,58,58,
1639,54,54,
1640,34,34,
1641,42,42,
1642,59,59,
1643,57,57,
1644,36,36,
1645,54,54,
1646,49,49,
1647,62,62,
1648,39,39,
1649,46,46,
1650,46,46,
1651,48,48,
1652,42,42,
1653,63,63,
1654,43,43,
1655,62,62,
1656,50,50,
1657,55,55,
1658,49,49,
1659,51,51,
1660,59,59,
1661,48,48,
1662,46,46,
1663,42,42,
1664,47,47,
1665,59,59,
1666,48,48,
1667,37,37,
1668,51,51,
1669,40,40,
1670,50,50,
1671,47,47,
1672,33,33,
1673,62,62,
1674,40,40,
1675,47,47,
1676,43,43,
1677,46,46,
1678,53,53,
1679,42,42,
1680,36,36,
1681,44,44,
1682,41,41,
1683,54,54,
1684,47,47,
1685,49,49,
1686,47,47,
1687,44,44,
1688,39,39,
1689,49,49,
1690,41,41,
1691,44,44,
1692,41,41,
1693,39,39,
1694,43,43,
1695,40,40,
1696,32,32,
1697,41,41,
1698,36,36,
1699,46,46,
1700,43,43,
1701,41,41,
1702,41,41,
1703,46,46,
1704,35,35,
1705,37,37,
1706,47,47,
1707,45,45,
1708,43,43,
1709,42,42,
1710,49,49,
1711,34,34,
1712,33,33,
1713,40,40,
1714,52,52,
1715,26,26,
1716,33,33,
1717,37,37,
1718,38,38,
1719,34,34,
1720,44,44,
1721,42,42,
1722,29,29,
1723,42,42,
1724,37,37,
1725,36,36,
1726,44,44,
1727,54,54,
1728,46,46,
1729,51,51,
1730,39,39,
1731,55,55,
1732,48,48,
1733,54,54,
1734,72,72,
1735,86,86,
1736,87,87,
1737,77,77,
1738,68,68,
1739,54,54,
1740,57,57,
1741,31,31,
1742,53,53,
1743,36,36,
1744,41,41,
1745,44,44,
1746,43,43,
1747,23,23,
1748,35,35,
1749,40,40,
1750,34,34,
1751,27,27,
1752,26,26,
1753,34,34,
1754,29,29,
1755,28,28,
1756,37,37,
1757,44,44,
1758,25,25,
1759,35,35,
1760,34,34,
1761,26,26,
1762,41,41,
1763,33,33,
1764,35,35,
1765,32,32,
1766,31,31,
1767,32,32,
1768,36,36,
1769,23,23,
1770,34,34,
1771,34,34,
1772,35,35,
1773,29,29,
1774,27,27,
1775,23,23,
1776,29,29,
1777,28,28,
1778,28,28,
1779,21,21,
1780,25,25,
1781,30,30,
1782,34,34,
1783,20,20,
1784,33,33,
1785,26,26,
1786,34,34,
1787,28,28,
1788,36,36,
1789,29,29,
1790,23,23,
1791,28,28,
1792,26,26,
1793,25,25,
1794,24,24,
1795,35,35,
1796,24,24,
1797,35,35,
1798,17,17,
1799,25,25,
1800,21,21,
1801,19,19,
1802,25,25,
1803,24,24,
1804,25,25,
1805,23,23,
1806,22,22,
1807,27,27,
1808,15,15,
1809,27,27,
1810,32,32,
1811,21,21,
1812,21,21,
1813,24,24,
1814,21,21,
1815,19,19,
1816,31,31,
1817,26,26,
1818,38,38,
1819,25,25,
1820,17,17,
1821,19,19,
1822,28,28,
1823,23,23,
1824,28,28,
1825,17,17,
1826,26,26,
1827,35,35,
1828,26,26,
1829,22,22,
1830,22,22,
1831,24,24,
1832,19,19,
1833,23,23,
1834,27,27,
1835,21,21,
1836,26,26,
1837,20,20,
1838,31,31,
1839,21,21,
1840,21,21,
1841,25,25,
1842,21,21,
1843,20,20,
1844,33,33,
1845,20,20,
1846,18,18,
1847,16,16,
1848,14,14,
1849,23,23,
1850,20,20,
1851,30,30,
1852,25,25,
1853,21,21,
1854,27,27,
1855,25,25,
1856,19,19,
1857,21,21,
1858,21,21,
1859,21,21,
1860,17,17,
1861,22,22,
1862,22,22,
1863,22,22,
1864,21,21,
1865,23,23,
1866,24,24,
1867,23,23,
1868,20,20,
1869,18,18,
1870,14,14,
1871,21,21,
1872,21,21,
1873,19,19,
1874,18,18,
1875,24,24,
1876,13,13,
1877,15,15,
1878,18,18,
1879,21,21,
1880,19,19,
1881,17,17,
1882,18,18,
1883,21,21,
1884,16,16,
1885,19,19,
1886,21,21,
1887,18,18,
1888,17,17,
1889,19,19,
1890,15,15,
1891,18,18,
1892,27,27,
1893,22,22,
1894,16,16,
1895,18,18,
1896,20,20,
1897,13,13,
1898,21,21,
1899,15,15,
1900,15,15,
1901,21,21,
1902,15,15,
1903,16,16,
1904,25,25,
1905,19,19,
1906,12,12,
1907,19,19,
1908,16,16,
1909,21,21,
1910,15,15,
1911,15,15,
1912,13,13,
1913,15,15,
1914,22,22,
1915,18,18,
1916,21,21,
1917,11,11,
1918,16,16,
1919,10,10,
1920,33,33,
1921,19,19,
1922,13,13,
1923,18,18,
1924,22,22,
1925,19,19,
1926,19,19,
1927,15,15,
1928,15,15,
1929,17,17,
1930,20,20,
1931,16,16,
1932,13,13,
1933,18,18,
1934,17,17,
1935,17,17,
1936,10,10,
1937,12,12,
1938,10,10,
1939,14,14,
1940,18,18,
1941,15,15,
1942,17,17,
1943,10,10,
1944,11,11,
1945,19,19,
1946,10,10,
1947,20,20,
1948,10,10,
1949,13,13,
1950,20,20,
1951,14,14,
1952,12,12,
1953,24,24,
1954,11,11,
1955,10,10,
1956,14,14,
1957,8,8,
1958,14,14,
1959,14,14,
1960,13,13,
1961,16,16,
1962,15,15,
1963,10,10,
1964,12,12,
1965,14,14,
1966,16,16,
1967,16,16,
1968,12,12,
1969,14,14,
1970,7,7,
1971,13,13,
1972,12,12,
1973,11,11,
1974,14,14,
1975,17,17,
1976,8,8,
1977,9,9,
1978,13,13,
1979,17,17,
1980,10,10,
1981,9,9,
1982,14,14,
1983,11,11,
1984,14,14,
1985,12,12,
1986,6,6,
1987,14,14,
1988,15,15,
1989,13,13,
1990,17,17,
1991,21,21,
1992,10,10,
1993,11,11,
1994,6,6,
1995,9,9,
1996,12,12,
1997,6,6,
1998,9,9,
1999,11,11,
2000,14,14,
2001,18,18,
2002,6,6,
2003,11,11,
2004,4,4,
2005,14,14,
2006,11,11,
2007,21,21,
2008,6,6,
2009,12,12,
2010,12,12,
2011,13,13,
2012,11,11,
2013,17,17,
2014,13,13,
2015,7,7,
2016,7,7,
2017,4,4,
2018,16,16,
2019,13,13,
2020,15,15,
2021,10,10,
2022,6,6,
2023,12,12,
2024,11,11,
2025,8,8,
2026,7,7,
2027,12,12,
2028,7,7,
2029,9,9,
2030,8,8,
2031,15,15,
2032,8,8,
2033,16,16,
2034,12,12,
2035,9,9,
2036,12,12,
2037,7,7,
2038,6,6,
2039,9,9,
2040,16,16,
2041,16,16,
2042,12,12,
2043,12,12,
2044,9,9,
2045,11,11,
2046,6,6,
2047,5,5,
2048,7,7,
2049,11,11,
2050,8,8,
2051,8,8,
2052,6,6,
2053,4,4,
2054,14,14,
2055,12,12,
2056,8,8,
2057,6,6,
2058,9,9,
2059,10,10,
2060,11,11,
2061,8,8,
2062,8,8,
2063,7,7,
2064,13,13,
2065,8,8,
2066,8,8,
2067,10,10,
2068,11,11,
2069,6,6,
2070,12,12,
2071,9,9,
2072,9,9,
2073,4,4,
2074,8,8,
2075,4,4,
2076,6,6,
2077,10,10,
2078,4,4,
2079,12,12,
2080,8,8,
2081,9,9,
2082,6,6,
2083,10,10,
2084,8,8,
2085,8,8,
2086,7,7,
2087,10,10,
2088,8,8,
2089,5,5,
2090,5,5,
2091,10,10,
2092,6,6,
2093,6,6,
2094,8,8,
2095,8,8,
2096,9,9,
2097,7,7,
2098,10,10,
2099,5,5,
2100,10,10,
2101,6,6,
2102,8,8,
2103,6,6,
2104,9,9,
2105,7,7,
2106,5,5,
2107,6,6,
2108,6,6,
2109,4,4,
2110,9,9,
2111,6,6,
2112,6,6,
2113,6,6,
2114,9,9,
2115,3,3,
2116,4,4,
2117,11,11,
2118,3,3,
2119,10,10,
2120,5,5,
2121,5,5,
2122,7,7,
2123,6,6,
2124,8,8,
2125,8,8,
2126,6,6,
2127,7,7,
2128,4,4,
2129,4,4,
2130,10,10,
2131,3,3,
2132,8,8,
2133,5,5,
2134,7,7,
2135,8,8,
2136,3,3,
2137,4,4,
2138,5,5,
2139,6,6,
2140,5,5,
2141,5,5,
2142,10,10,
2143,6,6,
2144,6,6,
2145,7,7,
2146,3,3,
2147,3,3,
2148,4,4,
2149,4,4,
2150,4,4,
2151,7,7,
2152,3,3,
2153,6,6,
2154,3,3,
2155,7,7,
2156,1,1,
2157,12,12,
2158,4,4,
2159,4,4,
2160,5,5,
2161,7,7,
2162,7,7,
2163,3,3,
2164,7,7,
2165,5,5,
2166,7,7,
2167,3,3,
2168,6,6,
2169,1,1,
2170,6,6,
2171,6,6,
2172,1,1,
2173,6,6,
2174,4,4,
2175,5,5,
2176,4,4,
2177,8,8,
2178,3,3,
2179,7,7,
2180,4,4,
2181,4,4,
2182,6,6,
2183,5,5,
2184,5,5,
2185,6,6,
2186,5,5,
2187,6,6,
2188,4,4,
2189,3,3,
2190,6,6,
2191,5,5,
2192,4,4,
2193,4,4,
2194,7,7,
2195,4,4,
2196,6,6,
2197,2,2,
2198,5,5,
2199,6,6,
2200,4,4,
2201,6,6,
2202,3,3,
2203,3,3,
2204,5,5,
2205,2,2,
2206,4,4,
2207,6,6,
2208,4,4,
2209,2,2,
2210,3,3,
2211,5,5,
2212,6,6,
2213,6,6,
2214,5,5,
2215,2,2,
2216,4,4,
2217,4,4,
2218,3,3,
2219,5,5,
2220,4,4,
2221,4,4,
2222,6,6,
2223,5,5,
2224,2,2,
2225,1,1,
2226,3,3,
2227,2,2,
2228,3,3,
2229,3,3,
2230,2,2,
2231,10,10,
2232,7,7,
2233,5,5,
2234,5,5,
2235,2,2,
2236,1,1,
2237,3,3,
2238,6,6,
2239,4,4,
2240,4,4,
2241,3,3,
2242,5,5,
2243,2,2,
2244,4,4,
2245,3,3,
2246,4,4,
2247,2,2,
2248,5,5,
2249,3,3,
2250,4,4,
2251,4,4,
2252,6,6,
2253,5,5,
2254,4,4,
2255,4,4,
2256,2,2,
2257,1,1,
2258,2,2,
2259,2,2,
2260,5,5,
2261,6,6,
2262,3,3,
2263,2,2,
2264,1,1,
2265,1,1,
2266,4,4,
2267,1,1,
2268,2,2,
2269,5,5,
2270,4,4,
2271,7,7,
2272,2,2,
2273,7,7,
2274,2,2,
2275,2,2,
2276,2,2,
2277,1,1,
2278,2,2,
2279,5,5,
2280,4,4,
2281,3,3,
2282,3,3,
2283,7,7,
2284,6,6,
2285,3,3,
2286,4,4,
2287,4,4,
2288,3,3,
2289,3,3,
2290,2,2,
2291,5,5,
2292,4,4,
2293,4,4,
2294,3,3,
2295,3,3,
2296,,0,
2297,2,2,
2298,,0,
2299,6,6,
2300,1,1,
2301,2,2,
2302,1,1,
2303,1,1,
2304,5,5,
2305,2,2,
2306,1,1,
2307,1,1,
2308,,0,
2309,1,1,
2310,2,2,
2311,1,1,
2312,4,4,
2313,2,2,
2314,3,3,
2315,1,1,
2316,3,3,
2317,3,3,
2318,4,4,
2319,7,7,
2320,2,2,
2321,2,2,
2322,4,4,
2323,4,4,
2324,1,1,
2325,2,2,
2326,2,2,
2327,3,3,
2328,5,5,
2329,2,2,
2330,3,3,
2331,2,2,
2332,3,3,
2333,2,2,
2334,2,2,
2335,1,1,
2336,,0,
2337,4,4,
2338,3,3,
2339,2,2,
2340,2,2,
2341,2,2,
2342,3,3,
2343,3,3,
2344,2,2,
2345,1,1,
2346,1,1,
2347,2,2,
2348,1,1,
2349,2,2,
2350,6,6,
2351,1,1,
2352,4,4,
2353,3,3,
2354,4,4,
2355,3,3,
2356,5,5,
2357,4,4,
2358,1,1,
2359,,0,
2360,1,1,
2361,4,4,
2362,2,2,
2363,1,1,
2364,3,3,
2365,1,1,
2366,,0,
2367,2,2,
2368,1,1,
2369,,0,
2370,3,3,
2371,3,3,
2372,1,1,
2373,1,1,
2374,3,3,
2375,3,3,
2376,2,2,
2377,,0,
2378,4,4,
2379,3,3,
2380,,0,
2381,1,1,
2382,1,1,
2383,1,1,
2384,4,4,
2385,3,3,
2386,2,2,
2387,2,2,
2388,2,2,
2389,1,1,
2390,,0,
2391,1,1,
2392,2,2,
2393,2,2,
2394,1,1,
2395,2,2,
2396,1,1,
2397,,0,
2398,1,1,
2399,2,2,
2400,,0,
2401,1,1,
2402,1,1,
2403,2,2,
2404,2,2,
2405,4,4,
2406,1,1,
2407,2,2,
2408,4,4,
2409,1,1,
2410,,0,
2411,,0,
2412,1,1,
2413,1,1,
2414,2,2,
2415,3,3,
2416,,0,
2417,2,2,
2418,2,2,
2419,,0,
2420,4,4,
2421,2,2,
2422,1,1,
2423,2,2,
2424,2,2,
2425,1,1,
2426,2,2,
2427,1,1,
2428,,0,
2429,2,2,
2430,,0,
2431,1,1,
2432,,0,
2433,,0,
2434,1,1,
2435,1,1,
2436,2,2,
2437,1,1,
2438,,0,
2439,,0,
2440,,0,
2441,3,3,
2442,1,1,
2443,1,1,
2444,,0,
2445,,0,
2446,,0,
2447,,0,
2448,2,2,
2449,,0,
2450,2,2,
2451,2,2,
2452,1,1,
2453,1,1,
2454,1,1,
2455,,0,
2456,,0,
2457,1,1,
2458,1,1,
2459,1,1,
2460,,0,
2461,1,1,
2462,,0,
2463,1,1,
2464,1,1,
2465,3,3,
2466,,0,
2467,,0,
2468,1,1,
2469,2,2,
2470,1,1,
2471,2,2,
2472,3,3,
2473,2,2,
2474,4,4,
2475,1,1,
2476,1,1,
2477,,0,
2478,,0,
2479,1,1,
2480,,0,
2481,3,3,
2482,,0,
2483,2,2,
2484,2,2,
2485,2,2,
2486,1,1,
2487,,0,
2488,,0,
2489,2,2,
2490,4,4,
2491,,0,
2492,,0,
2493,1,1,
2494,2,2,
2495,1,1,
2496,1,1,
2497,1,1,
2498,,0,
2499,3,3,
2500,1,1,
2501,3,3,
2502,2,2,
2503,1,1,
2504,1,1,
2505,4,4,
2506,,0,
2507,1,1,
2508,2,2,
2509,1,1,
2510,2,2,
2511,,0,
2512,,0,
2513,1,1,
2514,1,1,
2515,1,1,
2516,,0,
2517,1,1,
2518,1,1,
2519,1,1,
2520,1,1,
2521,2,2,
2522,,0,
2523,2,2,
2524,,0,
2525,2,2,
2526,1,1,
2527,,0,
2528,2,2,
2529,3,3,
2530,3,3,
2531,,0,
2532,,0,
2533,1,1,
2534,1,1,
2535,,0,
2536,1,1,
2537,2,2,
2538,,0,
2539,2,2,
2540,,0,
2541,2,2,
2542,1,1,
2543,2,2,
2544,3,3,
2545,,0,
2546,2,2,
2547,1,1,
2548,2,2,
2549,,0,
2550,1,1,
2551,1,1,
2552,2,2,
2553,2,2,
2554,,0,
2555,1,1,
2556,,0,
2557,1,1,
2558,2,2,
2559,2,2,
2560,2,2,
2561,1,1,
2562,2,2,
2563,,0,
2564,2,2,
2565,1,1,
2566,3,3,
2567,,0,
2568,1,1,
2569,2,2,
2570,2,2,
2571,,0,
2572,2,2,
2573,1,1,
2574,1,1,
2575,1,1,
2576,,0,
2577,,0,
2578,4,4,
2579,,0,
2580,,0,
2581,1,1,
2582,,0,
2583,2,2,
2584,2,2,
2585,,0,
2586,1,1,
2587,2,2,
2588,,0,
2589,3,3,
2590,1,1,
2591,1,1,
2592,2,2,
2593,1,1,
2594,,0,
2595,1,1,
2596,1,1,
2597,,0,
2598,,0,
2599,,0,
2600,,0,
2601,1,1,
2602,,0,
2603,2,2,
2604,,0,
2605,1,1,
2606,,0,
2607,1,1,
2608,1,1,
2609,,0,
2610,3,3,
2611,1,1,
2612,1,1,
2613,1,1,
2614,1,1,
2615,1,1,
2616,,0,
2617,2,2,
2618,1,1,
2619,1,1,
2620,5,5,
2621,2,2,
2622,2,2,
2623,1,1,
2624,2,2,
2625,2,2,
2626,2,2,
2627,2,2,
2628,,0,
2629,1,1,
2630,1,1,
2631,1,1,
2632,,0,
2633,1,1,
2634,1,1,
2635,,0,
2636,,0,
2637,,0,
2638,,0,
2639,1,1,
2640,1,1,
2641,1,1,
2642,,0,
2643,,0,
2644,2,2,
2645,1,1,
2646,,0,
2647,,0,
2648,1,1,
2649,2,2,
2650,2,2,
2651,,0,
2652,1,1,
2653,,0,
2654,,0,
2655,,0,
2656,1,1,
2657,,0,
2658,1,1,
2659,,0,
2660,1,1,
2661,,0,
2662,2,2,
2663,,0,
2664,,0,
2665,1,1,
2666,1,1,
2667,1,1,
2668,1,1,
2669,1,1,
2670,,0,
2671,,0,
2672,,0,
2673,2,2,
2674,3,3,
2675,,0,
2676,,0,
2677,1,1,
2678,,0,
2679,,0,
2680,1,1,
2681,1,1,
2682,,0,
2683,1,1,
2684,,0,
2685,1,1,
2686,2,2,
2687,1,1,
2688,,0,
2689,1,1,
2690,,0,
2691,1,1,
2692,,0,
2693,,0,
2694,,0,
2695,,0,
2696,1,1,
2697,4,4,
2698,1,1,
2699,1,1,
2700,,0,
2701,,0,
2702,,0,
2703,1,1,
2704,1,1,
2705,2,2,
2706,2,2,
2707,1,1,
2708,,0,
2709,,0,
2710,,0,
2711,2,2,
2712,2,2,
2713,1,1,
2714,,0,
2715,,0,
2716,,0,
2717,1,1,
2718,,0,
2719,2,2,
2720,,0,
2721,,0,
2722,,0,
2723,,0,
2724,3,3,
2725,2,2,
2726,1,1,
2727,1,1,
2728,2,2,
2729,,0,
2730,1,1,
2731,2,2,
2732,,0,
2733,2,2,
2734,1,1,
2735,1,1,
2736,,0,
2737,1,1,
2738,,0,
2739,3,3,
2740,,0,
2741,,0,
2742,1,1,
2743,,0,
2744,,0,
2745,1,1,
2746,1,1,
2747,1,1,
2748,1,1,
2749,1,1,
2750,,0,
2751,2,2,
2752,,0,
2753,1,1,
2754,,0,
2755,1,1,
2756,,0,
2757,1,1,
2758,,0,
2759,,0,
2760,1,1,
2761,3,3,
2762,,0,
2763,,0,
2764,,0,
2765,,0,
2766,1,1,
2767,1,1,
2768,1,1,
2769,1,1,
2770,3,3,
2771,3,3,
2772,,0,
2773,,0,
2774,1,1,
2775,1,1,
2776,1,1,
2777,,0,
2778,1,1,
2779,2,2,
2780,,0,
2781,,0,
2782,,0,
2783,1,1,
2784,,0,
2785,1,1,
2786,2,2,
2787,,0,
2788,,0,
2789,1,1,
2790,,0,
2791,2,2,
2792,3,3,
2793,,0,
2794,,0,
2795,1,1,
2796,,0,
2797,,0,
2798,1,1,
2799,,0,
2800,3,3,
2801,,0,
2802,,0,
2803,,0,
2804,1,1,
2805,1,1,
2806,,0,
2807,1,1,
2808,1,1,
2809,2,2,
2810,1,1,
2811,2,2,
2812,,0,
2813,,0,
2814,1,1,
2815,1,1,
2816,,0,
2817,,0,
2818,,0,
2819,4,4,
2820,,0,
2821,,0,
2822,1,1,
2823,,0,
2824,2,2,
2825,2,2,
2826,1,1,
2827,,0,
2828,,0,
2829,,0,
2830,,0,
2831,,0,
2832,1,1,
2833,,0,
2834,,0,
2835,2,2,
2836,1,1,
2837,,0,
2838,1,1,
2839,,0,
2840,1,1,
2841,,0,
2842,,0,
2843,,0,
2844,,0,
2845,1,1,
2846,,0,
2847,,0,
2848,,0,
2849,,0,
2850,,0,
2851,,0,
2852,,0,
2853,,0,
2854,,0,
2855,,0,
2856,,0,
2857,,0,
2858,1,1,
2859,,0,
2860,1,1,
2861,,0,
2862,2,2,
2863,,0,
2864,1,1,
2865,,0,
2866,1,1,
2867,1,1,
2868,,0,
2869,1,1,
2870,1,1,
2871,,0,
2872,,0,
2873,1,1,
2874,2,2,
2875,,0,
2876,1,1,
2877,1,1,
2878,,0,
2879,1,1,
2880,,0,
2881,,0,
2882,,0,
2883,,0,
2884,,0,
2885,1,1,
2886,1,1,
2887,,0,
2888,1,1,
2889,2,2,
2890,,0,
2891,1,1,
2892,1,1,
2893,,0,
2894,1,1,
2895,,0,
2896,,0,
2897,1,1,
2898,1,1,
2899,,0,
2900,,0,
2901,,0,
2902,,0,
2903,1,1,
2904,,0,
2905,,0,
2906,,0,
2907,,0,
2908,,0,
2909,1,1,
2910,1,1,
2911,,0,
2912,1,1,
2913,,0,
2914,,0,
2915,2,2,
2916,,0,
2917,,0,
2918,,0,
2919,,0,
2920,,0,
2921,,0,
2922,1,1,
2923,1,1,
2924,1,1,
2925,,0,
2926,,0,
2927,,0,
2928,,0,
2929,,0,
2930,2,2,
2931,,0,
2932,,0,
2933,1,1,
2934,2,2,
2935,,0,
2936,1,1,
2937,1,1,
2938,,0,
2939,,0,
2940,,0,
2941,2,2,
2942,1,1,
2943,,0,
2944,1,1,
2945,,0,
2946,,0,
2947,,0,
2948,,0,
2949,1,1,
2950,1,1,
2951,,0,
2952,,0,
2953,,0,
2954,,0,
2955,,0,
2956,,0,
2957,1,1,
2958,,0,
2959,1,1,
2960,,0,
2961,,0,
2962,,0,
2963,,0,
2964,,0,
2965,1,1,
2966,1,1,
2967,,0,
2968,1,1,
2969,,0,
2970,1,1,
2971,,0,
2972,,0,
2973,,0,
2974,,0,
2975,,0,
2976,,0,
2977,,0,
2978,,0,
2979,,0,
2980,1,1,
2981,,0,
2982,,0,
2983,,0,
2984,,0,
2985,,0,
2986,,0,
2987,,0,
2988,1,1,
2989,1,1,
2990,1,1,
2991,1,1,
2992,1,1,
2993,,0,
2994,,0,
2995,1,1,
2996,,0,
2997,,0,
2998,,0,
2999,,0,
3000,,0,
3001,,0,
3002,1,1,
3003,1,1,
3004,,0,
3005,,0,
3006,,0,
3007,,0,
3008,,0,
3009,1,1,
3010,,0,
3011,,0,
3012,,0,
3013,,0,
3014,,0,
3015,,0,
3016,,0,
3017,,0,
3018,1,1,
3019,,0,
3020,,0,
3021,,0,
3022,,0,
3023,,0,
3024,,0,
3025,,0,
3026,1,1,
3027,,0,
3028,1,1,
3029,1,1,
3030,,0,
3031,,0,
3032,1,1,
3033,,0,
3034,,0,
3035,,0,
3036,,0,
3037,,0,
3038,1,1,
3039,,0,
3040,,0,
3041,,0,
3042,,0,
3043,,0,
3044,1,1,
3045,,0,
3046,,0,
3047,,0,
3048,,0,
3049,,0,
3050,,0,
3051,,0,
3052,,0,
3053,1,1,
3054,,0,
3055,,0,
3056,,0,
3057,,0,
3058,,0,
3059,1,1,
3060,,0,
3061,1,1,
3062,1,1,
3063,,0,
3064,,0,
3065,,0,
3066,,0,
3067,,0,
3068,,0,
3069,,0,
3070,,0,
3071,,0,
3072,,0,
3073,,0,
3074,,0,
3075,,0,
3076,,0,
3077,,0,
3078,,0,
3079,,0,
3080,,0,
3081,1,1,
3082,,0,
3083,,0,
3084,,0,
3085,,0,
3086,,0,
3087,1,1,
3088,,0,
3089,1,1,
3090,,0,
3091,,0,
3092,,0,
3093,,0,
3094,,0,
3095,,0,
3096,1,1,
3097,,0,
3098,,0,
3099,1,1,
3100,1,1,
3101,1,1,
3102,3,3,
3103,3,3,
3104,1,1,
3105,2,2,
3106,2,2,
3107,2,2,
3108,1,1,
3109,1,1,
3110,1,1,
3111,5,5,
3112,7,7,
3113,6,6,
3114,4,4,
3115,1,1,
3116,,0,
3117,1,1,
3118,,0,
3119,1,1,
3120,,0,
3121,,0,
3122,1,1,
3123,,0,
3124,,0,
3125,,0,
3126,,0,
3127,,0,
3128,,0,
3129,1,1,
3130,,0,
3131,,0,
3132,,0,
3133,,0,
3134,,0,
3135,,0,
3136,,0,
3137,,0,
3138,,0,
3139,1,1,
3140,1,1,
3141,,0,
3142,,0,
3143,,0,
3144,,0,
3145,,0,
3146,,0,
3147,,0,
3148,1,1,
3149,,0,
3150,,0,
3151,,0,
3152,,0,
3153,,0,
3154,1,1,
3155,,0,
3156,,0,
3157,,0,
3158,,0,
3159,,0,
3160,,0,
3161,,0,
3162,,0,
3163,,0,
3164,,0,
3165,,0,
3166,,0,
3167,1,1,
3168,,0,
3169,1,1,
3170,,0,
3171,1,1,
3172,2,2,
3173,,0,
3174,,0,
3175,,0,
3176,,0,
3177,,0,
3178,,0,
3179,,0,
3180,,0,
3181,,0,
3182,,0,
3183,1,1,
3184,1,1,
3185,,0,
3186,,0,
3187,,0,
3188,,0,
3189,,0,
3190,,0,
3191,,0,
3192,,0,
3193,,0,
3194,,0,
3195,,0,
3196,,0,
3197,,0,
3198,,0,
3199,,0,
3200,,0,
3201,,0,
3202,,0,
3203,,0,
3204,,0,
3205,,0,
3206,,0,
3207,,0,
3208,,0,
3209,,0,
3210,,0,
3211,,0,
3212,,0,
3213,,0,
3214,,0,
3215,,0,
3216,,0,
3217,,0,
3218,,0,
3219,1,1,
3220,,0,
3221,,0,
3222,,0,
3223,,0,
3224,,0,
3225,,0,
3226,,0,
3227,,0,
3228,,0,
3229,,0,
3230,,0,
3231,1,1,
3232,,0,
3233,,0,
3234,,0,
3235,,0,
3236,1,1,
3237,,0,
3238,1,1,
3239,,0,
3240,,0,
3241,,0,
3242,,0,
3243,,0,
3244,,0,
3245,,0,
3246,,0,
3247,,0,
3248,,0,
3249,1,1,
3250,,0,
3251,,0,
3252,,0,
3253,,0,
3254,,0,
3255,,0,
3256,,0,
3257,,0,
3258,,0,
3259,,0,
3260,,0,
3261,,0,
3262,,0,
3263,,0,
3264,,0,
3265,1,1,
3266,,0,
3267,,0,
3268,,0,
3269,,0,
3270,,0,
3271,,0,
3272,,0,
3273,,0,
3274,,0,
3275,1,1,
3276,,0,
3277,,0,
3278,,0,
3279,,0,
3280,,0,
3281,,0,
3282,1,1,
3283,,0,
3284,,0,
3285,,0,
3286,,0,
3287,1,1,
3288,,0,
3289,,0,
3290,,0,
3291,,0,
3292,,0,
3293,,0,
3294,,0,
3295,,0,
3296,,0,
3297,,0,
3298,,0,
3299,,0,
3300,1,1,
3301,,0,
3302,,0,
3303,,0,
3304,,0,
3305,,0,
3306,,0,
3307,,0,
3308,,0,
3309,,0,
3310,,0,
3311,,0,
3312,,0,
3313,,0,
3314,,0,
3315,,0,
3316,,0,
3317,,0,
3318,,0,
3319,,0,
3320,,0,
3321,,0,
3322,,0,
3323,,0,
3324,,0,
3325,1,1,
3326,,0,
3327,1,1,
3328,,0,
3329,,0,
3330,,0,
3331,,0,
3332,,0,
3333,,0,
3334,1,1,
3335,,0,
3336,,0,
3337,1,1,
3338,,0,
3339,,0,
3340,,0,
3341,,0,
3342,,0,
3343,,0,
3344,,0,
3345,,0,
3346,1,1,
3347,,0,
3348,,0,
3349,,0,
3350,,0,
3351,,0,
3352,,0,
3353,,0,
3354,,0,
3355,,0,
3356,,0,
3357,,0,
3358,,0,
3359,,0,
3360,,0,
3361,,0,
3362,,0,
3363,,0,
3364,,0,
3365,,0,
3366,,0,
3367,,0,
3368,,0,
3369,1,1,
3370,,0,
3371,,0,
3372,1,1,
3373,,0,
3374,1,1,
3375,1,1,
3376,,0,
3377,,0,
3378,,0,
3379,1,1,
3380,,0,
3381,,0,
3382,,0,
3383,,0,
3384,,0,
3385,,0,
3386,1,1,
3387,,0,
3388,,0,
3389,,0,
3390,,0,
3391,,0,
3392,,0,
3393,,0,
3394,,0,
3395,,0,
3396,,0,
3397,,0,
3398,,0,
3399,,0,
3400,,0,
3401,,0,
3402,,0,
3403,,0,
3404,,0,
3405,,0,
3406,,0,
3407,1,1,
3408,,0,
3409,,0,
3410,,0,
3411,,0,
3412,1,1,
3413,,0,
3414,,0,
3415,,0,
3416,,0,
3417,,0,
3418,,0,
3419,,0,
3420,,0,
3421,,0,
3422,,0,
3423,,0,
3424,,0,
3425,,0,
3426,,0,
3427,,0,
3428,,0,
3429,,0,
3430,,0,
3431,,0,
3432,,0,
3433,,0,
3434,,0,
3435,,0,
3436,1,1,
3437,,0,
3438,,0,
3439,,0,
3440,,0,
3441,,0,
3442,,0,
3443,,0,
3444,,0,
3445,,0,
3446,,0,
3447,,0,
3448,,0,
3449,,0,
3450,,0,
3451,,0,
3452,,0,
3453,,0,
3454,,0,
3455,,0,
3456,,0,
3457,,0,
3458,,0,
3459,,0,
3460,,0,
3461,,0,
3462,,0,
3463,,0,
3464,,0,
3465,,0,
3466,,0,
3467,,0,
3468,,0,
3469,,0,
3470,,0,
3471,,0,
3472,,0,
3473,,0,
3474,,0,
3475,,0,
3476,,0,
3477,,0,
3478,,0,
3479,,0,
3480,,0,
3481,,0,
3482,1,1,
3483,,0,
3484,,0,
3485,,0,
3486,,0,
3487,,0,
3488,,0,
3489,,0,
3490,,0,
3491,,0,
3492,,0,
3493,,0,
3494,,0,
3495,,0,
3496,1,1,
3497,,0,
3498,,0,
3499,,0,
3500,,0,
3501,,0,
3502,,0,
3503,,0,
3504,,0,
3505,,0,
3506,,0,
3507,,0,
3508,,0,
3509,,0,
3510,,0,
3511,,0,
3512,,0,
3513,,0,
3514,,0,
3515,,0,
3516,,0,
3517,,0,
3518,,0,
3519,,0,
3520,,0,
3521,,0,
3522,1,1,
3523,,0,
3524,,0,
3525,,0,
3526,,0,
3527,,0,
3528,,0,
3529,,0,
3530,,0,
3531,,0,
3532,,0,
3533,,0,
3534,,0,
3535,,0,
3536,1,1,
3537,,0,
3538,,0,
3539,,0,
3540,1,1,
3541,,0,
3542,,0,
3543,,0,
3544,1,1,
3545,,0,
3546,,0,
3547,,0,
3548,,0,
3549,,0,
3550,,0,
3551,,0,
3552,,0,
3553,,0,
3554,,0,
3555,,0,
3556,1,1,
3557,,0,
3558,,0,
3559,,0,
3560,,0,
3561,,0,
3562,1,1,
3563,,0,
3564,,0,
3565,,0,
3566,,0,
3567,,0,
3568,,0,
3569,,0,
3570,,0,
3571,,0,
3572,,0,
3573,,0,
3574,,0,
3575,1,1,
3576,,0,
3577,,0,
3578,,0,
3579,,0,
3580,,0,
3581,,0,
3582,,0,
3583,,0,
3584,,0,
3585,,0,
3586,,0,
3587,,0,
3588,,0,
3589,,0,
3590,,0,
3591,,0,
3592,,0,
3593,,0,
3594,,0,
3595,,0,
3596,1,1,
3597,,0,
3598,,0,
3599,,0,
3600,,0,
3601,,0,
3602,1,1,
3603,,0,
3604,,0,
3605,,0,
3606,,0,
3607,,0,
3608,,0,
3609,,0,
3610,,0,
3611,,0,
3612,,0,
3613,,0,
3614,1,1,
3615,,0,
3616,,0,
3617,,0,
3618,,0,
3619,,0,
3620,,0,
3621,,0,
3622,,0,
3623,,0,
3624,,0,
3625,,0,
3626,,0,
3627,1,1,
3628,,0,
3629,,0,
3630,,0,
3631,,0,
3632,,0,
3633,,0,
3634,1,1,
3635,,0,
3636,,0,
3637,,0,
3638,,0,
3639,,0,
3640,1,1,
3641,,0,
3642,,0,
3643,,0,
3644,,0,
3645,,0,
3646,,0,
3647,,0,
3648,,0,
3649,,0,
3650,,0,
3651,,0,
3652,1,1,
3653,,0,
3654,,0,
3655,,0,
3656,,0,
3657,,0,
3658,,0,
3659,,0,
3660,,0,
3661,,0,
3662,,0,
3663,,0,
3664,,0,
3665,,0,
3666,,0,
3667,,0,
3668,,0,
3669,,0,
3670,,0,
3671,,0,
3672,,0,
3673,,0,
3674,,0,
3675,,0,
3676,,0,
3677,,0,
3678,,0,
3679,,0,
3680,,0,
3681,,0,
3682,,0,
3683,,0,
3684,,0,
3685,,0,
3686,,0,
3687,,0,
3688,,0,
3689,,0,
3690,,0,
3691,,0,
3692,,0,
3693,,0,
3694,,0,
3695,,0,
3696,,0,
3697,,0,
3698,,0,
3699,1,1,
3700,,0,
3701,,0,
3702,,0,
3703,,0,
3704,,0,
3705,,0,
3706,,0,
3707,,0,
3708,,0,
3709,,0,
3710,,0,
3711,,0,
3712,,0,
3713,,0,
3714,,0,
3715,,0,
3716,,0,
3717,,0,
3718,,0,
3719,,0,
3720,,0,
3721,,0,
3722,,0,
3723,,0,
3724,,0,
3725,,0,
3726,,0,
3727,,0,
3728,,0,
3729,,0,
3730,,0,
3731,,0,
3732,,0,
3733,,0,
3734,,0,
3735,,0,
3736,,0,
3737,,0,
3738,,0,
3739,,0,
3740,,0,
3741,,0,
3742,,0,
3743,1,1,
3744,,0,
3745,,0,
3746,,0,
3747,,0,
3748,,0,
3749,,0,
3750,,0,
3751,,0,
3752,,0,
3753,,0,
3754,,0,
3755,,0,
3756,,0,
3757,,0,
3758,,0,
3759,,0,
3760,,0,
3761,,0,
3762,,0,
3763,,0,
3764,,0,
3765,1,1,
3766,,0,
3767,,0,
3768,,0,
3769,,0,
3770,,0,
3771,,0,
3772,,0,
3773,,0,
3774,,0,
3775,,0,
3776,,0,
3777,,0,
3778,,0,
3779,,0,
3780,1,1,
3781,,0,
3782,1,1,
3783,,0,
3784,,0,
3785,,0,
3786,,0,
3787,,0,
3788,,0,
3789,,0,
3790,,0,
3791,1,1,
3792,,0,
3793,,0,
3794,,0,
3795,,0,
3796,,0,
3797,,0,
3798,,0,
3799,,0,
3800,,0,
3801,,0,
3802,,0,
3803,,0,
3804,,0,
3805,,0,
3806,,0,
3807,,0,
3808,,0,
3809,,0,
3810,,0,
3811,1,1,
3812,,0,
3813,,0,
3814,,0,
3815,,0,
3816,,0,
3817,,0,
3818,,0,
3819,,0,
3820,,0,
3821,,0,
3822,,0,
3823,,0,
3824,,0,
3825,,0,
3826,,0,
3827,,0,
3828,,0,
3829,,0,
3830,,0,
3831,,0,
3832,,0,
3833,,0,
3834,,0,
3835,,0,
3836,,0,
3837,,0,
3838,,0,
3839,,0,
3840,,0,
3841,,0,
3842,,0,
3843,,0,
3844,,0,
3845,,0,
3846,,0,
3847,,0,
3848,1,1,
3849,,0,
3850,,0,
3851,,0,
3852,,0,
3853,,0,
3854,,0,
3855,,0,
3856,,0,
3857,,0,
3858,,0,
3859,,0,
3860,,0,
3861,,0,
3862,,0,
3863,,0,
3864,,0,
3865,,0,
3866,,0,
3867,,0,
3868,,0,
3869,,0,
3870,,0,
3871,,0,
3872,,0,
3873,,0,
3874,,0,
3875,,0,
3876,,0,
3877,1,1,
3878,,0,
3879,,0,
3880,,0,
3881,,0,
3882,,0,
3883,,0,
3884,,0,
3885,,0,
3886,,0,
3887,,0,
3888,,0,
3889,,0,
3890,,0,
3891,,0,
3892,,0,
3893,,0,
3894,,0,
3895,,0,
3896,,0,
3897,,0,
3898,,0,
3899,,0,
3900,,0,
3901,,0,
3902,,0,
3903,,0,
3904,,0,
3905,,0,
3906,,0,
3907,,0,
3908,,0,
3909,,0,
3910,,0,
3911,,0,
3912,,0,
3913,,0,
3914,,0,
3915,,0,
3916,,0,
3917,,0,
3918,,0,
3919,,0,
3920,,0,
3921,,0,
3922,,0,
3923,,0,
3924,,0,
3925,,0,
3926,,0,
3927,,0,
3928,1,1,
3929,,0,
3930,,0,
3931,,0,
3932,,0,
3933,,0,
3934,,0,
3935,,0,
3936,,0,
3937,,0,
3938,,0,
3939,,0,
3940,,0,
3941,,0,
3942,,0,
3943,,0,
3944,,0,
3945,,0,
3946,,0,
3947,,0,
3948,,0,
3949,,0,
3950,,0,
3951,,0,
3952,,0,
3953,,0,
3954,,0,
3955,,0,
3956,,0,
3957,,0,
3958,,0,
3959,1,1,
3960,,0,
3961,,0,
3962,,0,
3963,,0,
3964,,0,
3965,,0,
3966,,0,
3967,,0,
3968,,0,
3969,,0,
3970,,0,
3971,1,1,
3972,,0,
3973,,0,
3974,,0,
3975,,0,
3976,,0,
3977,,0,
3978,,0,
3979,,0,
3980,,0,
3981,,0,
3982,,0,
3983,,0,
3984,,0,
3985,,0,
3986,,0,
3987,,0,
3988,,0,
3989,,0,
3990,,0,
3991,,0,
3992,,0,
3993,,0,
3994,,0,
3995,,0,
3996,,0,
3997,,0,
3998,,0,
3999,,0,
4000,,0,
4001,,0,
4002,,0,
4003,,0,
4004,,0,
4005,,0,
4006,,0,
4007,,0,
4008,,0,
4009,,0,
4010,,0,
4011,,0,
4012,,0,
4013,,0,
4014,,0,
4015,,0,
4016,1,1,
4017,,0,
4018,,0,
4019,,0,
4020,,0,
4021,,0,
4022,,0,
4023,,0,
4024,,0,
4025,,0,
4026,,0,
4027,,0,
4028,,0,
4029,,0,
4030,,0,
4031,,0,
4032,,0,
4033,,0,
4034,,0,
4035,,0,
4036,,0,
4037,,0,
4038,,0,
4039,,0,
4040,,0,
4041,,0,
4042,,0,
4043,,0,
4044,,0,
4045,,0,
4046,,0,
4047,,0,
4048,,0,
4049,1,1,
4050,,0,
4051,,0,
4052,,0,
4053,,0,
4054,,0,
4055,,0,
4056,,0,
4057,,0,
4058,,0,
4059,,0,
4060,,0,
4061,,0,
4062,,0,
4063,,0,
4064,,0,
4065,,0,
4066,,0,
4067,,0,
4068,,0,
4069,,0,
4070,1,1,
4071,,0,
4072,,0,
4073,,0,
4074,,0,
4075,,0,
4076,,0,
4077,,0,
4078,,0,
4079,,0,
4080,,0,
4081,,0,
4082,,0,
4083,,0,
4084,,0,
4085,,0,
4086,,0,
4087,,0,
4088,,0,
4089,,0,
4090,,0,
4091,,0,
4092,,0,
4093,,0,
4094,,0,
4095,,0,
,,,