"2022/04/28","13:49:13",593.6,600
"",,,
0,,0,
1,,0,
2,,0,
3,,0,
4,,0,
5,,0,
6,,0,
7,,0,
8,,0,
9,,0,
10,,0,
11,,0,
12,,0,
13,,0,
14,,0,
15,,0,
16,,0,
17,,0,
18,,0,
19,,0,
20,,0,
21,,0,
22,,0,
23,,0,
24,,0,
25,,0,
26,,0,
27,,0,
28,,0,
29,,0,
30,,0,
31,,0,
32,,0,
33,,0,
34,,0,
35,,0,
36,,0,
37,,0,
38,,0,
39,,0,
40,,0,
41,,0,
42,,0,
43,,0,
44,,0,
45,177,177,
46,228,228,
47,213,213,
48,243,243,
49,216,216,
50,263,263,
51,269,269,
52,277,277,
53,291,291,
54,298,298,
55,296,296,
56,310,310,
57,312,312,
58,337,337,
59,332,332,
60,302,302,
61,338,338,
62,369,369,
63,330,330,
64,344,344,
65,413,413,
66,383,383,
67,383,383,
68,419,419,
69,434,434,
70,434,434,
71,455,455,
72,431,431,
73,432,432,
74,450,450,
75,482,482,
76,511,511,
77,460,460,
78,472,472,
79,501,501,
80,503,503,
81,532,532,
82,547,547,
83,524,524,
84,575,575,
85,545,545,
86,581,581,
87,586,586,
88,491,491,
89,542,542,
90,509,509,
91,507,507,
92,505,505,
93,506,506,
94,549,549,
95,541,541,
96,516,516,
97,530,530,
98,537,537,
99,568,568,
100,526,526,
101,518,518,
102,504,504,
103,516,516,
104,487,487,
105,505,505,
106,535,535,
107,494,494,
108,516,516,
109,511,511,
110,505,505,
111,437,437,
112,501,501,
113,505,505,
114,542,542,
115,455,455,
116,480,480,
117,462,462,
118,455,455,
119,435,435,
120,461,461,
121,455,455,
122,483,483,
123,439,439,
124,433,433,
125,426,426,
126,400,400,
127,447,447,
128,447,447,
129,415,415,
130,445,445,
131,457,457,
132,422,422,
133,394,394,
134,388,388,
135,431,431,
136,423,423,
137,396,396,
138,448,448,
139,417,417,
140,422,422,
141,389,389,
142,366,366,
143,368,368,
144,351,351,
145,390,390,
146,369,369,
147,382,382,
148,348,348,
149,391,391,
150,338,338,
151,373,373,
152,360,360,
153,376,376,
154,357,357,
155,341,341,
156,365,365,
157,335,335,
158,306,306,
159,318,318,
160,326,326,
161,312,312,
162,303,303,
163,317,317,
164,332,332,
165,311,311,
166,315,315,
167,297,297,
168,300,300,
169,308,308,
170,286,286,
171,308,308,
172,298,298,
173,297,297,
174,322,322,
175,280,280,
176,290,290,
177,296,296,
178,280,280,
179,291,291,
180,259,259,
181,294,294,
182,240,240,
183,285,285,
184,272,272,
185,284,284,
186,282,282,
187,264,264,
188,239,239,
189,269,269,
190,236,236,
191,240,240,
192,211,211,
193,243,243,
194,229,229,
195,208,208,
196,223,223,
197,201,201,
198,203,203,
199,221,221,
200,208,208,
201,208,208,
202,228,228,
203,213,213,
204,199,199,
205,214,214,
206,198,198,
207,196,196,
208,224,224,
209,195,195,
210,204,204,
211,181,181,
212,200,200,
213,197,197,
214,182,182,
215,205,205,
216,205,205,
217,193,193,
218,217,217,
219,182,182,
220,206,206,
221,155,155,
222,205,205,
223,174,174,
224,172,172,
225,194,194,
226,175,175,
227,170,170,
228,174,174,
229,167,167,
230,162,162,
231,175,175,
232,163,163,
233,153,153,
234,158,158,
235,159,159,
236,159,159,
237,181,181,
238,169,169,
239,171,171,
240,142,142,
241,153,153,
242,138,138,
243,142,142,
244,159,159,
245,140,140,
246,142,142,
247,137,137,
248,155,155,
249,138,138,
250,149,149,
251,131,131,
252,162,162,
253,153,153,
254,134,134,
255,141,141,
256,134,134,
257,152,152,
258,120,120,
259,123,123,
260,132,132,
261,143,143,
262,115,115,
263,134,134,
264,125,125,
265,144,144,
266,134,134,
267,134,134,
268,114,114,
269,118,118,
270,125,125,
271,118,118,
272,111,111,
273,103,103,
274,114,114,
275,141,141,
276,123,123,
277,142,142,
278,172,172,
279,223,223,
280,188,188,
281,135,135,
282,132,132,
283,131,131,
284,119,119,
285,130,130,
286,114,114,
287,83,83,
288,91,91,
289,106,106,
290,98,98,
291,100,100,
292,89,89,
293,90,90,
294,95,95,
295,99,99,
296,86,86,
297,91,91,
298,86,86,
299,92,92,
300,88,88,
301,87,87,
302,80,80,
303,85,85,
304,91,91,
305,89,89,
306,98,98,
307,90,90,
308,78,78,
309,83,83,
310,90,90,
311,92,92,
312,72,72,
313,97,97,
314,85,85,
315,90,90,
316,84,84,
317,110,110,
318,91,91,
319,90,90,
320,59,59,
321,87,87,
322,96,96,
323,75,75,
324,66,66,
325,86,86,
326,61,61,
327,85,85,
328,74,74,
329,71,71,
330,74,74,
331,67,67,
332,70,70,
333,84,84,
334,60,60,
335,70,70,
336,67,67,
337,69,69,
338,70,70,
339,60,60,
340,85,85,
341,74,74,
342,64,64,
343,54,54,
344,67,67,
345,85,85,
346,100,100,
347,101,101,
348,82,82,
349,68,68,
350,48,48,
351,57,57,
352,83,83,
353,73,73,
354,55,55,
355,83,83,
356,49,49,
357,47,47,
358,67,67,
359,57,57,
360,59,59,
361,58,58,
362,74,74,
363,55,55,
364,68,68,
365,44,44,
366,61,61,
367,61,61,
368,59,59,
369,56,56,
370,50,50,
371,48,48,
372,47,47,
373,58,58,
374,49,49,
375,55,55,
376,54,54,
377,58,58,
378,61,61,
379,45,45,
380,58,58,
381,43,43,
382,58,58,
383,43,43,
384,53,53,
385,62,62,
386,59,59,
387,50,50,
388,52,52,
389,36,36,
390,47,47,
391,37,37,
392,62,62,
393,48,48,
394,51,51,
395,53,53,
396,62,62,
397,80,80,
398,67,67,
399,51,51,
400,48,48,
401,51,51,
402,61,61,
403,41,41,
404,45,45,
405,38,38,
406,55,55,
407,39,39,
408,48,48,
409,46,46,
410,38,38,
411,42,42,
412,57,57,
413,99,99,
414,132,132,
415,89,89,
416,49,49,
417,45,45,
418,38,38,
419,43,43,
420,39,39,
421,42,42,
422,47,47,
423,35,35,
424,41,41,
425,40,40,
426,40,40,
427,40,40,
428,25,25,
429,37,37,
430,44,44,
431,49,49,
432,37,37,
433,49,49,
434,43,43,
435,32,32,
436,41,41,
437,35,35,
438,41,41,
439,35,35,
440,43,43,
441,40,40,
442,28,28,
443,44,44,
444,40,40,
445,34,34,
446,41,41,
447,29,29,
448,33,33,
449,38,38,
450,38,38,
451,33,33,
452,33,33,
453,42,42,
454,39,39,
455,50,50,
456,34,34,
457,30,30,
458,30,30,
459,33,33,
460,30,30,
461,38,38,
462,35,35,
463,35,35,
464,38,38,
465,38,38,
466,38,38,
467,40,40,
468,38,38,
469,41,41,
470,32,32,
471,39,39,
472,34,34,
473,45,45,
474,42,42,
475,40,40,
476,35,35,
477,30,30,
478,42,42,
479,35,35,
480,28,28,
481,29,29,
482,37,37,
483,32,32,
484,35,35,
485,33,33,
486,30,30,
487,30,30,
488,29,29,
489,26,26,
490,42,42,
491,21,21,
492,27,27,
493,25,25,
494,33,33,
495,38,38,
496,33,33,
497,36,36,
498,26,26,
499,26,26,
500,26,26,
501,24,24,
502,32,32,
503,27,27,
504,25,25,
505,23,23,
506,24,24,
507,27,27,
508,36,36,
509,22,22,
510,27,27,
511,28,28,
512,29,29,
513,27,27,
514,26,26,
515,35,35,
516,22,22,
517,29,29,
518,21,21,
519,37,37,
520,30,30,
521,25,25,
522,26,26,
523,26,26,
524,20,20,
525,20,20,
526,25,25,
527,25,25,
528,29,29,
529,37,37,
530,22,22,
531,18,18,
532,29,29,
533,36,36,
534,12,12,
535,22,22,
536,32,32,
537,27,27,
538,25,25,
539,34,34,
540,20,20,
541,28,28,
542,18,18,
543,29,29,
544,31,31,
545,24,24,
546,39,39,
547,30,30,
548,27,27,
549,37,37,
550,31,31,
551,23,23,
552,21,21,
553,30,30,
554,21,21,
555,23,23,
556,25,25,
557,33,33,
558,23,23,
559,25,25,
560,24,24,
561,33,33,
562,28,28,
563,23,23,
564,26,26,
565,26,26,
566,26,26,
567,21,21,
568,29,29,
569,22,22,
570,22,22,
571,19,19,
572,25,25,
573,19,19,
574,31,31,
575,30,30,
576,29,29,
577,23,23,
578,27,27,
579,28,28,
580,21,21,
581,23,23,
582,23,23,
583,20,20,
584,29,29,
585,13,13,
586,21,21,
587,21,21,
588,12,12,
589,22,22,
590,15,15,
591,26,26,
592,18,18,
593,27,27,
594,20,20,
595,13,13,
596,25,25,
597,20,20,
598,21,21,
599,22,22,
600,18,18,
601,33,33,
602,29,29,
603,43,43,
604,48,48,
605,31,31,
606,30,30,
607,23,23,
608,23,23,
609,13,13,
610,17,17,
611,27,27,
612,26,26,
613,32,32,
614,20,20,
615,18,18,
616,20,20,
617,21,21,
618,22,22,
619,20,20,
620,28,28,
621,23,23,
622,19,19,
623,21,21,
624,27,27,
625,21,21,
626,19,19,
627,20,20,
628,22,22,
629,26,26,
630,20,20,
631,20,20,
632,16,16,
633,19,19,
634,16,16,
635,14,14,
636,13,13,
637,22,22,
638,23,23,
639,31,31,
640,20,20,
641,21,21,
642,23,23,
643,26,26,
644,15,15,
645,15,15,
646,16,16,
647,17,17,
648,18,18,
649,21,21,
650,24,24,
651,18,18,
652,18,18,
653,24,24,
654,26,26,
655,25,25,
656,27,27,
657,21,21,
658,11,11,
659,23,23,
660,16,16,
661,15,15,
662,14,14,
663,21,21,
664,16,16,
665,19,19,
666,20,20,
667,23,23,
668,18,18,
669,20,20,
670,15,15,
671,14,14,
672,21,21,
673,18,18,
674,16,16,
675,17,17,
676,19,19,
677,18,18,
678,16,16,
679,13,13,
680,19,19,
681,25,25,
682,17,17,
683,18,18,
684,16,16,
685,23,23,
686,25,25,
687,14,14,
688,33,33,
689,55,55,
690,57,57,
691,35,35,
692,27,27,
693,21,21,
694,7,7,
695,14,14,
696,25,25,
697,17,17,
698,13,13,
699,22,22,
700,10,10,
701,17,17,
702,20,20,
703,16,16,
704,16,16,
705,12,12,
706,8,8,
707,15,15,
708,18,18,
709,12,12,
710,22,22,
711,19,19,
712,12,12,
713,15,15,
714,12,12,
715,14,14,
716,15,15,
717,17,17,
718,25,25,
719,42,42,
720,68,68,
721,75,75,
722,26,26,
723,29,29,
724,12,12,
725,12,12,
726,17,17,
727,13,13,
728,17,17,
729,13,13,
730,17,17,
731,21,21,
732,22,22,
733,7,7,
734,19,19,
735,17,17,
736,20,20,
737,20,20,
738,13,13,
739,14,14,
740,8,8,
741,18,18,
742,14,14,
743,12,12,
744,10,10,
745,16,16,
746,16,16,
747,12,12,
748,19,19,
749,22,22,
750,11,11,
751,13,13,
752,10,10,
753,16,16,
754,14,14,
755,17,17,
756,12,12,
757,14,14,
758,18,18,
759,16,16,
760,12,12,
761,13,13,
762,12,12,
763,14,14,
764,13,13,
765,17,17,
766,12,12,
767,14,14,
768,15,15,
769,22,22,
770,15,15,
771,11,11,
772,12,12,
773,13,13,
774,18,18,
775,20,20,
776,13,13,
777,19,19,
778,12,12,
779,13,13,
780,9,9,
781,11,11,
782,7,7,
783,22,22,
784,12,12,
785,13,13,
786,16,16,
787,17,17,
788,13,13,
789,11,11,
790,21,21,
791,19,19,
792,17,17,
793,11,11,
794,19,19,
795,18,18,
796,18,18,
797,20,20,
798,10,10,
799,12,12,
800,9,9,
801,18,18,
802,16,16,
803,18,18,
804,16,16,
805,16,16,
806,21,21,
807,7,7,
808,12,12,
809,7,7,
810,13,13,
811,16,16,
812,9,9,
813,15,15,
814,12,12,
815,11,11,
816,7,7,
817,13,13,
818,10,10,
819,9,9,
820,15,15,
821,12,12,
822,9,9,
823,17,17,
824,12,12,
825,14,14,
826,12,12,
827,20,20,
828,18,18,
829,18,18,
830,14,14,
831,19,19,
832,11,11,
833,8,8,
834,15,15,
835,8,8,
836,14,14,
837,12,12,
838,14,14,
839,11,11,
840,13,13,
841,8,8,
842,11,11,
843,12,12,
844,10,10,
845,13,13,
846,17,17,
847,18,18,
848,13,13,
849,8,8,
850,14,14,
851,17,17,
852,20,20,
853,12,12,
854,18,18,
855,11,11,
856,10,10,
857,11,11,
858,18,18,
859,19,19,
860,16,16,
861,16,16,
862,11,11,
863,19,19,
864,15,15,
865,12,12,
866,9,9,
867,11,11,
868,10,10,
869,13,13,
870,7,7,
871,19,19,
872,14,14,
873,15,15,
874,13,13,
875,10,10,
876,13,13,
877,18,18,
878,10,10,
879,14,14,
880,12,12,
881,12,12,
882,8,8,
883,10,10,
884,17,17,
885,10,10,
886,14,14,
887,13,13,
888,9,9,
889,8,8,
890,10,10,
891,9,9,
892,12,12,
893,11,11,
894,16,16,
895,13,13,
896,14,14,
897,18,18,
898,16,16,
899,7,7,
900,7,7,
901,12,12,
902,10,10,
903,9,9,
904,12,12,
905,14,14,
906,10,10,
907,13,13,
908,7,7,
909,18,18,
910,22,22,
911,21,21,
912,11,11,
913,12,12,
914,12,12,
915,18,18,
916,14,14,
917,13,13,
918,16,16,
919,9,9,
920,18,18,
921,8,8,
922,19,19,
923,10,10,
924,8,8,
925,12,12,
926,8,8,
927,11,11,
928,6,6,
929,13,13,
930,15,15,
931,13,13,
932,16,16,
933,9,9,
934,7,7,
935,9,9,
936,9,9,
937,8,8,
938,13,13,
939,8,8,
940,15,15,
941,7,7,
942,25,25,
943,21,21,
944,15,15,
945,8,8,
946,9,9,
947,10,10,
948,8,8,
949,13,13,
950,13,13,
951,11,11,
952,12,12,
953,6,6,
954,16,16,
955,10,10,
956,14,14,
957,18,18,
958,9,9,
959,12,12,
960,11,11,
961,15,15,
962,16,16,
963,8,8,
964,13,13,
965,5,5,
966,17,17,
967,10,10,
968,9,9,
969,9,9,
970,17,17,
971,10,10,
972,8,8,
973,7,7,
974,8,8,
975,10,10,
976,14,14,
977,8,8,
978,11,11,
979,13,13,
980,13,13,
981,11,11,
982,10,10,
983,11,11,
984,8,8,
985,17,17,
986,7,7,
987,12,12,
988,14,14,
989,8,8,
990,7,7,
991,9,9,
992,10,10,
993,8,8,
994,7,7,
995,6,6,
996,12,12,
997,13,13,
998,16,16,
999,8,8,
1000,11,11,
1001,7,7,
1002,14,14,
1003,12,12,
1004,14,14,
1005,13,13,
1006,6,6,
1007,11,11,
1008,10,10,
1009,9,9,
1010,12,12,
1011,5,5,
1012,6,6,
1013,8,8,
1014,7,7,
1015,13,13,
1016,9,9,
1017,12,12,
1018,14,14,
1019,12,12,
1020,21,21,
1021,12,12,
1022,11,11,
1023,9,9,
1024,13,13,
1025,12,12,
1026,8,8,
1027,9,9,
1028,10,10,
1029,9,9,
1030,15,15,
1031,16,16,
1032,10,10,
1033,11,11,
1034,10,10,
1035,7,7,
1036,9,9,
1037,14,14,
1038,13,13,
1039,8,8,
1040,6,6,
1041,15,15,
1042,9,9,
1043,8,8,
1044,10,10,
1045,9,9,
1046,13,13,
1047,9,9,
1048,8,8,
1049,10,10,
1050,6,6,
1051,14,14,
1052,8,8,
1053,9,9,
1054,10,10,
1055,13,13,
1056,12,12,
1057,6,6,
1058,7,7,
1059,6,6,
1060,9,9,
1061,8,8,
1062,9,9,
1063,11,11,
1064,8,8,
1065,10,10,
1066,14,14,
1067,9,9,
1068,12,12,
1069,6,6,
1070,7,7,
1071,10,10,
1072,12,12,
1073,13,13,
1074,18,18,
1075,5,5,
1076,14,14,
1077,12,12,
1078,12,12,
1079,17,17,
1080,36,36,
1081,33,33,
1082,22,22,
1083,9,9,
1084,5,5,
1085,16,16,
1086,9,9,
1087,5,5,
1088,11,11,
1089,9,9,
1090,12,12,
1091,6,6,
1092,6,6,
1093,7,7,
1094,10,10,
1095,14,14,
1096,12,12,
1097,4,4,
1098,7,7,
1099,10,10,
1100,4,4,
1101,15,15,
1102,9,9,
1103,15,15,
1104,8,8,
1105,8,8,
1106,7,7,
1107,10,10,
1108,8,8,
1109,11,11,
1110,14,14,
1111,7,7,
1112,9,9,
1113,7,7,
1114,14,14,
1115,4,4,
1116,7,7,
1117,11,11,
1118,10,10,
1119,6,6,
1120,6,6,
1121,4,4,
1122,9,9,
1123,8,8,
1124,11,11,
1125,20,20,
1126,11,11,
1127,21,21,
1128,14,14,
1129,18,18,
1130,13,13,
1131,11,11,
1132,9,9,
1133,8,8,
1134,10,10,
1135,13,13,
1136,11,11,
1137,4,4,
1138,8,8,
1139,9,9,
1140,8,8,
1141,8,8,
1142,8,8,
1143,12,12,
1144,9,9,
1145,8,8,
1146,13,13,
1147,16,16,
1148,17,17,
1149,20,20,
1150,16,16,
1151,19,19,
1152,10,10,
1153,4,4,
1154,6,6,
1155,6,6,
1156,5,5,
1157,10,10,
1158,9,9,
1159,9,9,
1160,11,11,
1161,7,7,
1162,9,9,
1163,6,6,
1164,6,6,
1165,9,9,
1166,7,7,
1167,4,4,
1168,7,7,
1169,4,4,
1170,12,12,
1171,5,5,
1172,6,6,
1173,10,10,
1174,10,10,
1175,9,9,
1176,7,7,
1177,5,5,
1178,5,5,
1179,10,10,
1180,6,6,
1181,5,5,
1182,16,16,
1183,13,13,
1184,6,6,
1185,13,13,
1186,5,5,
1187,18,18,
1188,11,11,
1189,8,8,
1190,8,8,
1191,11,11,
1192,7,7,
1193,5,5,
1194,4,4,
1195,11,11,
1196,8,8,
1197,7,7,
1198,8,8,
1199,6,6,
1200,5,5,
1201,8,8,
1202,4,4,
1203,7,7,
1204,7,7,
1205,7,7,
1206,6,6,
1207,7,7,
1208,14,14,
1209,3,3,
1210,15,15,
1211,15,15,
1212,8,8,
1213,9,9,
1214,11,11,
1215,8,8,
1216,9,9,
1217,4,4,
1218,9,9,
1219,7,7,
1220,6,6,
1221,10,10,
1222,9,9,
1223,8,8,
1224,8,8,
1225,4,4,
1226,6,6,
1227,8,8,
1228,11,11,
1229,6,6,
1230,15,15,
1231,6,6,
1232,10,10,
1233,8,8,
1234,8,8,
1235,9,9,
1236,8,8,
1237,12,12,
1238,13,13,
1239,7,7,
1240,8,8,
1241,6,6,
1242,9,9,
1243,8,8,
1244,10,10,
1245,8,8,
1246,6,6,
1247,9,9,
1248,11,11,
1249,11,11,
1250,8,8,
1251,7,7,
1252,7,7,
1253,6,6,
1254,6,6,
1255,7,7,
1256,4,4,
1257,8,8,
1258,12,12,
1259,3,3,
1260,13,13,
1261,14,14,
1262,10,10,
1263,9,9,
1264,12,12,
1265,10,10,
1266,5,5,
1267,8,8,
1268,10,10,
1269,6,6,
1270,8,8,
1271,10,10,
1272,12,12,
1273,9,9,
1274,10,10,
1275,6,6,
1276,9,9,
1277,5,5,
1278,13,13,
1279,5,5,
1280,9,9,
1281,8,8,
1282,4,4,
1283,10,10,
1284,4,4,
1285,8,8,
1286,8,8,
1287,6,6,
1288,14,14,
1289,9,9,
1290,7,7,
1291,14,14,
1292,7,7,
1293,10,10,
1294,7,7,
1295,10,10,
1296,8,8,
1297,9,9,
1298,7,7,
1299,8,8,
1300,15,15,
1301,7,7,
1302,12,12,
1303,12,12,
1304,6,6,
1305,10,10,
1306,7,7,
1307,6,6,
1308,10,10,
1309,9,9,
1310,7,7,
1311,6,6,
1312,6,6,
1313,3,3,
1314,7,7,
1315,17,17,
1316,6,6,
1317,6,6,
1318,7,7,
1319,12,12,
1320,14,14,
1321,9,9,
1322,5,5,
1323,8,8,
1324,5,5,
1325,13,13,
1326,10,10,
1327,16,16,
1328,11,11,
1329,21,21,
1330,26,26,
1331,14,14,
1332,24,24,
1333,8,8,
1334,8,8,
1335,4,4,
1336,7,7,
1337,6,6,
1338,11,11,
1339,9,9,
1340,11,11,
1341,7,7,
1342,7,7,
1343,8,8,
1344,9,9,
1345,7,7,
1346,9,9,
1347,7,7,
1348,8,8,
1349,12,12,
1350,11,11,
1351,6,6,
1352,7,7,
1353,11,11,
1354,6,6,
1355,9,9,
1356,9,9,
1357,5,5,
1358,10,10,
1359,4,4,
1360,12,12,
1361,9,9,
1362,10,10,
1363,5,5,
1364,11,11,
1365,5,5,
1366,11,11,
1367,7,7,
1368,10,10,
1369,4,4,
1370,4,4,
1371,14,14,
1372,7,7,
1373,10,10,
1374,12,12,
1375,10,10,
1376,12,12,
1377,9,9,
1378,11,11,
1379,8,8,
1380,6,6,
1381,8,8,
1382,11,11,
1383,11,11,
1384,8,8,
1385,8,8,
1386,4,4,
1387,6,6,
1388,10,10,
1389,11,11,
1390,12,12,
1391,11,11,
1392,9,9,
1393,6,6,
1394,7,7,
1395,10,10,
1396,7,7,
1397,8,8,
1398,8,8,
1399,10,10,
1400,10,10,
1401,7,7,
1402,10,10,
1403,13,13,
1404,9,9,
1405,9,9,
1406,12,12,
1407,11,11,
1408,11,11,
1409,16,16,
1410,13,13,
1411,7,7,
1412,10,10,
1413,7,7,
1414,13,13,
1415,6,6,
1416,11,11,
1417,15,15,
1418,11,11,
1419,15,15,
1420,6,6,
1421,9,9,
1422,10,10,
1423,10,10,
1424,10,10,
1425,5,5,
1426,9,9,
1427,7,7,
1428,7,7,
1429,10,10,
1430,10,10,
1431,11,11,
1432,10,10,
1433,14,14,
1434,13,13,
1435,9,9,
1436,6,6,
1437,7,7,
1438,5,5,
1439,13,13,
1440,10,10,
1441,8,8,
1442,8,8,
1443,11,11,
1444,12,12,
1445,9,9,
1446,13,13,
1447,8,8,
1448,9,9,
1449,10,10,
1450,11,11,
1451,8,8,
1452,12,12,
1453,9,9,
1454,4,4,
1455,16,16,
1456,8,8,
1457,6,6,
1458,9,9,
1459,12,12,
1460,15,15,
1461,10,10,
1462,9,9,
1463,14,14,
1464,8,8,
1465,7,7,
1466,12,12,
1467,13,13,
1468,9,9,
1469,11,11,
1470,13,13,
1471,17,17,
1472,13,13,
1473,13,13,
1474,16,16,
1475,13,13,
1476,10,10,
1477,8,8,
1478,9,9,
1479,7,7,
1480,5,5,
1481,4,4,
1482,8,8,
1483,5,5,
1484,8,8,
1485,13,13,
1486,4,4,
1487,5,5,
1488,8,8,
1489,8,8,
1490,4,4,
1491,7,7,
1492,5,5,
1493,3,3,
1494,3,3,
1495,11,11,
1496,7,7,
1497,9,9,
1498,5,5,
1499,5,5,
1500,8,8,
1501,6,6,
1502,7,7,
1503,6,6,
1504,6,6,
1505,6,6,
1506,5,5,
1507,5,5,
1508,7,7,
1509,3,3,
1510,3,3,
1511,5,5,
1512,5,5,
1513,7,7,
1514,6,6,
1515,7,7,
1516,5,5,
1517,5,5,
1518,5,5,
1519,5,5,
1520,6,6,
1521,8,8,
1522,6,6,
1523,5,5,
1524,8,8,
1525,4,4,
1526,9,9,
1527,10,10,
1528,3,3,
1529,5,5,
1530,4,4,
1531,5,5,
1532,5,5,
1533,5,5,
1534,6,6,
1535,7,7,
1536,4,4,
1537,8,8,
1538,9,9,
1539,6,6,
1540,14,14,
1541,6,6,
1542,6,6,
1543,7,7,
1544,5,5,
1545,9,9,
1546,4,4,
1547,3,3,
1548,5,5,
1549,10,10,
1550,7,7,
1551,4,4,
1552,4,4,
1553,3,3,
1554,7,7,
1555,4,4,
1556,1,1,
1557,5,5,
1558,3,3,
1559,5,5,
1560,6,6,
1561,3,3,
1562,6,6,
1563,7,7,
1564,7,7,
1565,2,2,
1566,7,7,
1567,5,5,
1568,6,6,
1569,4,4,
1570,5,5,
1571,8,8,
1572,7,7,
1573,1,1,
1574,6,6,
1575,4,4,
1576,4,4,
1577,4,4,
1578,4,4,
1579,6,6,
1580,7,7,
1581,8,8,
1582,5,5,
1583,7,7,
1584,6,6,
1585,6,6,
1586,1,1,
1587,1,1,
1588,2,2,
1589,6,6,
1590,5,5,
1591,2,2,
1592,4,4,
1593,3,3,
1594,3,3,
1595,3,3,
1596,3,3,
1597,5,5,
1598,6,6,
1599,6,6,
1600,1,1,
1601,1,1,
1602,3,3,
1603,3,3,
1604,3,3,
1605,3,3,
1606,3,3,
1607,1,1,
1608,1,1,
1609,2,2,
1610,2,2,
1611,6,6,
1612,5,5,
1613,3,3,
1614,5,5,
1615,4,4,
1616,4,4,
1617,5,5,
1618,3,3,
1619,3,3,
1620,4,4,
1621,6,6,
1622,3,3,
1623,1,1,
1624,3,3,
1625,7,7,
1626,2,2,
1627,3,3,
1628,1,1,
1629,2,2,
1630,4,4,
1631,3,3,
1632,2,2,
1633,3,3,
1634,2,2,
1635,6,6,
1636,6,6,
1637,5,5,
1638,1,1,
1639,2,2,
1640,3,3,
1641,,0,
1642,,0,
1643,3,3,
1644,2,2,
1645,6,6,
1646,,0,
1647,2,2,
1648,3,3,
1649,3,3,
1650,4,4,
1651,1,1,
1652,5,5,
1653,5,5,
1654,2,2,
1655,2,2,
1656,2,2,
1657,1,1,
1658,6,6,
1659,,0,
1660,3,3,
1661,4,4,
1662,1,1,
1663,2,2,
1664,5,5,
1665,5,5,
1666,3,3,
1667,4,4,
1668,3,3,
1669,1,1,
1670,3,3,
1671,4,4,
1672,3,3,
1673,7,7,
1674,5,5,
1675,3,3,
1676,1,1,
1677,2,2,
1678,5,5,
1679,2,2,
1680,5,5,
1681,3,3,
1682,3,3,
1683,1,1,
1684,1,1,
1685,1,1,
1686,5,5,
1687,1,1,
1688,4,4,
1689,,0,
1690,3,3,
1691,4,4,
1692,,0,
1693,2,2,
1694,1,1,
1695,4,4,
1696,3,3,
1697,4,4,
1698,1,1,
1699,4,4,
1700,1,1,
1701,4,4,
1702,1,1,
1703,4,4,
1704,5,5,
1705,3,3,
1706,2,2,
1707,3,3,
1708,1,1,
1709,1,1,
1710,1,1,
1711,5,5,
1712,4,4,
1713,3,3,
1714,2,2,
1715,3,3,
1716,2,2,
1717,3,3,
1718,4,4,
1719,3,3,
1720,2,2,
1721,2,2,
1722,3,3,
1723,1,1,
1724,4,4,
1725,3,3,
1726,4,4,
1727,5,5,
1728,2,2,
1729,4,4,
1730,4,4,
1731,4,4,
1732,22,22,
1733,63,63,
1734,104,104,
1735,150,150,
1736,177,177,
1737,89,89,
1738,30,30,
1739,5,5,
1740,2,2,
1741,,0,
1742,1,1,
1743,2,2,
1744,,0,
1745,1,1,
1746,2,2,
1747,,0,
1748,1,1,
1749,1,1,
1750,1,1,
1751,,0,
1752,2,2,
1753,,0,
1754,,0,
1755,1,1,
1756,2,2,
1757,2,2,
1758,1,1,
1759,2,2,
1760,1,1,
1761,1,1,
1762,,0,
1763,,0,
1764,,0,
1765,,0,
1766,1,1,
1767,1,1,
1768,3,3,
1769,3,3,
1770,3,3,
1771,3,3,
1772,,0,
1773,1,1,
1774,,0,
1775,6,6,
1776,3,3,
1777,,0,
1778,3,3,
1779,3,3,
1780,1,1,
1781,,0,
1782,2,2,
1783,1,1,
1784,2,2,
1785,1,1,
1786,4,4,
1787,1,1,
1788,,0,
1789,6,6,
1790,,0,
1791,,0,
1792,1,1,
1793,3,3,
1794,1,1,
1795,1,1,
1796,,0,
1797,2,2,
1798,2,2,
1799,1,1,
1800,1,1,
1801,2,2,
1802,1,1,
1803,,0,
1804,2,2,
1805,1,1,
1806,1,1,
1807,1,1,
1808,,0,
1809,,0,
1810,2,2,
1811,4,4,
1812,1,1,
1813,,0,
1814,1,1,
1815,1,1,
1816,2,2,
1817,,0,
1818,,0,
1819,3,3,
1820,,0,
1821,1,1,
1822,,0,
1823,,0,
1824,,0,
1825,1,1,
1826,,0,
1827,1,1,
1828,1,1,
1829,,0,
1830,2,2,
1831,,0,
1832,,0,
1833,2,2,
1834,2,2,
1835,1,1,
1836,3,3,
1837,1,1,
1838,2,2,
1839,2,2,
1840,,0,
1841,,0,
1842,1,1,
1843,1,1,
1844,,0,
1845,1,1,
1846,1,1,
1847,2,2,
1848,2,2,
1849,,0,
1850,1,1,
1851,1,1,
1852,2,2,
1853,1,1,
1854,1,1,
1855,2,2,
1856,,0,
1857,2,2,
1858,2,2,
1859,1,1,
1860,2,2,
1861,3,3,
1862,,0,
1863,2,2,
1864,1,1,
1865,1,1,
1866,1,1,
1867,1,1,
1868,1,1,
1869,1,1,
1870,,0,
1871,4,4,
1872,2,2,
1873,,0,
1874,2,2,
1875,,0,
1876,2,2,
1877,2,2,
1878,,0,
1879,1,1,
1880,2,2,
1881,2,2,
1882,1,1,
1883,1,1,
1884,2,2,
1885,4,4,
1886,3,3,
1887,3,3,
1888,3,3,
1889,4,4,
1890,2,2,
1891,4,4,
1892,8,8,
1893,2,2,
1894,8,8,
1895,2,2,
1896,4,4,
1897,,0,
1898,,0,
1899,2,2,
1900,2,2,
1901,1,1,
1902,1,1,
1903,1,1,
1904,1,1,
1905,,0,
1906,1,1,
1907,2,2,
1908,1,1,
1909,2,2,
1910,,0,
1911,1,1,
1912,1,1,
1913,,0,
1914,,0,
1915,1,1,
1916,2,2,
1917,1,1,
1918,2,2,
1919,1,1,
1920,1,1,
1921,3,3,
1922,1,1,
1923,,0,
1924,,0,
1925,2,2,
1926,2,2,
1927,5,5,
1928,,0,
1929,3,3,
1930,1,1,
1931,1,1,
1932,,0,
1933,4,4,
1934,3,3,
1935,1,1,
1936,,0,
1937,1,1,
1938,1,1,
1939,2,2,
1940,1,1,
1941,2,2,
1942,,0,
1943,,0,
1944,1,1,
1945,,0,
1946,,0,
1947,,0,
1948,1,1,
1949,1,1,
1950,,0,
1951,,0,
1952,2,2,
1953,,0,
1954,,0,
1955,1,1,
1956,,0,
1957,,0,
1958,,0,
1959,2,2,
1960,3,3,
1961,3,3,
1962,,0,
1963,1,1,
1964,,0,
1965,,0,
1966,,0,
1967,1,1,
1968,3,3,
1969,1,1,
1970,,0,
1971,,0,
1972,,0,
1973,3,3,
1974,1,1,
1975,1,1,
1976,1,1,
1977,1,1,
1978,2,2,
1979,,0,
1980,,0,
1981,,0,
1982,1,1,
1983,2,2,
1984,,0,
1985,1,1,
1986,1,1,
1987,,0,
1988,1,1,
1989,1,1,
1990,,0,
1991,1,1,
1992,1,1,
1993,1,1,
1994,,0,
1995,1,1,
1996,2,2,
1997,1,1,
1998,,0,
1999,2,2,
2000,1,1,
2001,,0,
2002,1,1,
2003,2,2,
2004,,0,
2005,1,1,
2006,2,2,
2007,,0,
2008,1,1,
2009,3,3,
2010,,0,
2011,1,1,
2012,1,1,
2013,,0,
2014,,0,
2015,,0,
2016,1,1,
2017,2,2,
2018,1,1,
2019,1,1,
2020,6,6,
2021,2,2,
2022,,0,
2023,1,1,
2024,1,1,
2025,4,4,
2026,,0,
2027,,0,
2028,2,2,
2029,1,1,
2030,1,1,
2031,,0,
2032,1,1,
2033,,0,
2034,,0,
2035,1,1,
2036,,0,
2037,,0,
2038,1,1,
2039,1,1,
2040,,0,
2041,,0,
2042,,0,
2043,,0,
2044,1,1,
2045,1,1,
2046,1,1,
2047,1,1,
2048,1,1,
2049,,0,
2050,1,1,
2051,1,1,
2052,,0,
2053,,0,
2054,1,1,
2055,3,3,
2056,1,1,
2057,2,2,
2058,2,2,
2059,,0,
2060,1,1,
2061,,0,
2062,1,1,
2063,,0,
2064,1,1,
2065,1,1,
2066,1,1,
2067,,0,
2068,,0,
2069,2,2,
2070,1,1,
2071,1,1,
2072,3,3,
2073,,0,
2074,,0,
2075,,0,
2076,1,1,
2077,,0,
2078,,0,
2079,,0,
2080,,0,
2081,,0,
2082,1,1,
2083,2,2,
2084,,0,
2085,1,1,
2086,1,1,
2087,2,2,
2088,,0,
2089,,0,
2090,,0,
2091,1,1,
2092,1,1,
2093,,0,
2094,1,1,
2095,7,7,
2096,9,9,
2097,3,3,
2098,6,6,
2099,7,7,
2100,3,3,
2101,,0,
2102,2,2,
2103,1,1,
2104,3,3,
2105,,0,
2106,1,1,
2107,1,1,
2108,1,1,
2109,,0,
2110,1,1,
2111,2,2,
2112,1,1,
2113,,0,
2114,,0,
2115,,0,
2116,,0,
2117,,0,
2118,,0,
2119,,0,
2120,,0,
2121,1,1,
2122,,0,
2123,1,1,
2124,4,4,
2125,,0,
2126,,0,
2127,,0,
2128,1,1,
2129,,0,
2130,2,2,
2131,,0,
2132,,0,
2133,1,1,
2134,1,1,
2135,1,1,
2136,1,1,
2137,,0,
2138,,0,
2139,1,1,
2140,1,1,
2141,1,1,
2142,1,1,
2143,1,1,
2144,2,2,
2145,1,1,
2146,1,1,
2147,1,1,
2148,,0,
2149,,0,
2150,2,2,
2151,2,2,
2152,,0,
2153,1,1,
2154,,0,
2155,,0,
2156,,0,
2157,2,2,
2158,1,1,
2159,1,1,
2160,2,2,
2161,1,1,
2162,2,2,
2163,,0,
2164,1,1,
2165,2,2,
2166,1,1,
2167,,0,
2168,,0,
2169,1,1,
2170,2,2,
2171,1,1,
2172,2,2,
2173,,0,
2174,,0,
2175,,0,
2176,1,1,
2177,,0,
2178,2,2,
2179,1,1,
2180,,0,
2181,2,2,
2182,,0,
2183,3,3,
2184,,0,
2185,,0,
2186,1,1,
2187,1,1,
2188,1,1,
2189,,0,
2190,,0,
2191,,0,
2192,,0,
2193,1,1,
2194,1,1,
2195,1,1,
2196,3,3,
2197,2,2,
2198,1,1,
2199,,0,
2200,2,2,
2201,,0,
2202,1,1,
2203,1,1,
2204,,0,
2205,,0,
2206,2,2,
2207,,0,
2208,1,1,
2209,1,1,
2210,1,1,
2211,1,1,
2212,,0,
2213,,0,
2214,,0,
2215,1,1,
2216,,0,
2217,2,2,
2218,,0,
2219,,0,
2220,1,1,
2221,1,1,
2222,,0,
2223,,0,
2224,,0,
2225,1,1,
2226,2,2,
2227,,0,
2228,2,2,
2229,,0,
2230,3,3,
2231,1,1,
2232,,0,
2233,,0,
2234,1,1,
2235,,0,
2236,1,1,
2237,,0,
2238,1,1,
2239,2,2,
2240,,0,
2241,,0,
2242,,0,
2243,,0,
2244,,0,
2245,2,2,
2246,2,2,
2247,1,1,
2248,1,1,
2249,,0,
2250,1,1,
2251,1,1,
2252,,0,
2253,,0,
2254,,0,
2255,1,1,
2256,2,2,
2257,,0,
2258,,0,
2259,2,2,
2260,,0,
2261,2,2,
2262,2,2,
2263,1,1,
2264,2,2,
2265,,0,
2266,1,1,
2267,,0,
2268,,0,
2269,,0,
2270,,0,
2271,,0,
2272,1,1,
2273,1,1,
2274,,0,
2275,1,1,
2276,1,1,
2277,,0,
2278,1,1,
2279,,0,
2280,,0,
2281,,0,
2282,,0,
2283,,0,
2284,2,2,
2285,,0,
2286,2,2,
2287,1,1,
2288,1,1,
2289,1,1,
2290,,0,
2291,,0,
2292,,0,
2293,1,1,
2294,2,2,
2295,,0,
2296,,0,
2297,2,2,
2298,1,1,
2299,,0,
2300,,0,
2301,,0,
2302,,0,
2303,1,1,
2304,2,2,
2305,,0,
2306,1,1,
2307,,0,
2308,,0,
2309,1,1,
2310,,0,
2311,,0,
2312,3,3,
2313,1,1,
2314,2,2,
2315,1,1,
2316,,0,
2317,2,2,
2318,,0,
2319,,0,
2320,1,1,
2321,1,1,
2322,,0,
2323,2,2,
2324,3,3,
2325,1,1,
2326,,0,
2327,2,2,
2328,,0,
2329,,0,
2330,,0,
2331,1,1,
2332,,0,
2333,,0,
2334,,0,
2335,,0,
2336,,0,
2337,,0,
2338,1,1,
2339,,0,
2340,,0,
2341,1,1,
2342,,0,
2343,,0,
2344,,0,
2345,3,3,
2346,,0,
2347,1,1,
2348,,0,
2349,2,2,
2350,1,1,
2351,,0,
2352,,0,
2353,,0,
2354,,0,
2355,2,2,
2356,,0,
2357,1,1,
2358,,0,
2359,,0,
2360,,0,
2361,,0,
2362,,0,
2363,1,1,
2364,1,1,
2365,1,1,
2366,,0,
2367,,0,
2368,1,1,
2369,1,1,
2370,1,1,
2371,,0,
2372,1,1,
2373,,0,
2374,,0,
2375,,0,
2376,2,2,
2377,,0,
2378,2,2,
2379,2,2,
2380,1,1,
2381,,0,
2382,,0,
2383,1,1,
2384,,0,
2385,1,1,
2386,,0,
2387,3,3,
2388,1,1,
2389,,0,
2390,1,1,
2391,1,1,
2392,1,1,
2393,,0,
2394,2,2,
2395,,0,
2396,2,2,
2397,,0,
2398,2,2,
2399,1,1,
2400,2,2,
2401,1,1,
2402,,0,
2403,,0,
2404,1,1,
2405,2,2,
2406,1,1,
2407,,0,
2408,1,1,
2409,,0,
2410,1,1,
2411,,0,
2412,3,3,
2413,,0,
2414,1,1,
2415,,0,
2416,,0,
2417,,0,
2418,,0,
2419,1,1,
2420,1,1,
2421,,0,
2422,1,1,
2423,3,3,
2424,1,1,
2425,,0,
2426,1,1,
2427,1,1,
2428,1,1,
2429,,0,
2430,1,1,
2431,2,2,
2432,,0,
2433,1,1,
2434,1,1,
2435,1,1,
2436,2,2,
2437,,0,
2438,,0,
2439,2,2,
2440,,0,
2441,1,1,
2442,,0,
2443,3,3,
2444,1,1,
2445,,0,
2446,,0,
2447,,0,
2448,1,1,
2449,,0,
2450,2,2,
2451,3,3,
2452,3,3,
2453,,0,
2454,,0,
2455,,0,
2456,,0,
2457,1,1,
2458,,0,
2459,1,1,
2460,1,1,
2461,2,2,
2462,,0,
2463,1,1,
2464,1,1,
2465,,0,
2466,1,1,
2467,,0,
2468,,0,
2469,1,1,
2470,2,2,
2471,1,1,
2472,1,1,
2473,1,1,
2474,1,1,
2475,,0,
2476,1,1,
2477,,0,
2478,,0,
2479,1,1,
2480,,0,
2481,,0,
2482,3,3,
2483,1,1,
2484,4,4,
2485,,0,
2486,2,2,
2487,,0,
2488,,0,
2489,,0,
2490,2,2,
2491,,0,
2492,,0,
2493,,0,
2494,,0,
2495,1,1,
2496,2,2,
2497,,0,
2498,2,2,
2499,2,2,
2500,1,1,
2501,7,7,
2502,2,2,
2503,3,3,
2504,2,2,
2505,,0,
2506,,0,
2507,1,1,
2508,,0,
2509,,0,
2510,,0,
2511,,0,
2512,1,1,
2513,1,1,
2514,,0,
2515,1,1,
2516,,0,
2517,1,1,
2518,2,2,
2519,1,1,
2520,2,2,
2521,1,1,
2522,1,1,
2523,3,3,
2524,,0,
2525,,0,
2526,,0,
2527,1,1,
2528,1,1,
2529,,0,
2530,,0,
2531,1,1,
2532,,0,
2533,1,1,
2534,1,1,
2535,1,1,
2536,,0,
2537,,0,
2538,,0,
2539,2,2,
2540,,0,
2541,,0,
2542,,0,
2543,,0,
2544,1,1,
2545,2,2,
2546,1,1,
2547,,0,
2548,1,1,
2549,1,1,
2550,1,1,
2551,1,1,
2552,,0,
2553,,0,
2554,1,1,
2555,,0,
2556,1,1,
2557,1,1,
2558,1,1,
2559,,0,
2560,,0,
2561,,0,
2562,,0,
2563,,0,
2564,3,3,
2565,,0,
2566,,0,
2567,,0,
2568,,0,
2569,1,1,
2570,1,1,
2571,,0,
2572,2,2,
2573,1,1,
2574,,0,
2575,1,1,
2576,,0,
2577,1,1,
2578,2,2,
2579,1,1,
2580,,0,
2581,,0,
2582,1,1,
2583,1,1,
2584,1,1,
2585,,0,
2586,,0,
2587,,0,
2588,,0,
2589,1,1,
2590,1,1,
2591,,0,
2592,2,2,
2593,1,1,
2594,1,1,
2595,1,1,
2596,,0,
2597,2,2,
2598,,0,
2599,1,1,
2600,1,1,
2601,1,1,
2602,,0,
2603,,0,
2604,2,2,
2605,1,1,
2606,1,1,
2607,1,1,
2608,2,2,
2609,,0,
2610,,0,
2611,1,1,
2612,,0,
2613,,0,
2614,1,1,
2615,1,1,
2616,1,1,
2617,2,2,
2618,1,1,
2619,2,2,
2620,2,2,
2621,1,1,
2622,2,2,
2623,3,3,
2624,,0,
2625,1,1,
2626,1,1,
2627,1,1,
2628,,0,
2629,,0,
2630,1,1,
2631,,0,
2632,,0,
2633,,0,
2634,3,3,
2635,,0,
2636,,0,
2637,,0,
2638,,0,
2639,,0,
2640,,0,
2641,,0,
2642,1,1,
2643,,0,
2644,1,1,
2645,,0,
2646,2,2,
2647,1,1,
2648,1,1,
2649,,0,
2650,,0,
2651,,0,
2652,1,1,
2653,,0,
2654,,0,
2655,,0,
2656,2,2,
2657,,0,
2658,1,1,
2659,,0,
2660,2,2,
2661,,0,
2662,2,2,
2663,,0,
2664,,0,
2665,,0,
2666,2,2,
2667,,0,
2668,2,2,
2669,1,1,
2670,,0,
2671,,0,
2672,1,1,
2673,2,2,
2674,,0,
2675,1,1,
2676,1,1,
2677,1,1,
2678,,0,
2679,,0,
2680,,0,
2681,,0,
2682,,0,
2683,1,1,
2684,,0,
2685,1,1,
2686,,0,
2687,1,1,
2688,1,1,
2689,,0,
2690,,0,
2691,1,1,
2692,2,2,
2693,2,2,
2694,2,2,
2695,1,1,
2696,,0,
2697,,0,
2698,,0,
2699,1,1,
2700,,0,
2701,1,1,
2702,1,1,
2703,,0,
2704,2,2,
2705,,0,
2706,2,2,
2707,,0,
2708,,0,
2709,1,1,
2710,1,1,
2711,1,1,
2712,1,1,
2713,2,2,
2714,,0,
2715,,0,
2716,,0,
2717,,0,
2718,,0,
2719,,0,
2720,,0,
2721,1,1,
2722,1,1,
2723,,0,
2724,,0,
2725,1,1,
2726,2,2,
2727,,0,
2728,2,2,
2729,,0,
2730,,0,
2731,,0,
2732,3,3,
2733,,0,
2734,2,2,
2735,1,1,
2736,2,2,
2737,,0,
2738,3,3,
2739,,0,
2740,,0,
2741,,0,
2742,,0,
2743,1,1,
2744,2,2,
2745,,0,
2746,1,1,
2747,1,1,
2748,1,1,
2749,,0,
2750,,0,
2751,,0,
2752,1,1,
2753,1,1,
2754,,0,
2755,,0,
2756,2,2,
2757,,0,
2758,,0,
2759,1,1,
2760,,0,
2761,1,1,
2762,1,1,
2763,,0,
2764,1,1,
2765,1,1,
2766,2,2,
2767,2,2,
2768,,0,
2769,1,1,
2770,2,2,
2771,1,1,
2772,,0,
2773,,0,
2774,1,1,
2775,,0,
2776,1,1,
2777,2,2,
2778,2,2,
2779,,0,
2780,2,2,
2781,,0,
2782,2,2,
2783,,0,
2784,,0,
2785,,0,
2786,1,1,
2787,1,1,
2788,1,1,
2789,,0,
2790,1,1,
2791,1,1,
2792,,0,
2793,,0,
2794,1,1,
2795,,0,
2796,1,1,
2797,1,1,
2798,1,1,
2799,2,2,
2800,1,1,
2801,,0,
2802,,0,
2803,,0,
2804,1,1,
2805,2,2,
2806,,0,
2807,1,1,
2808,,0,
2809,1,1,
2810,2,2,
2811,1,1,
2812,1,1,
2813,3,3,
2814,1,1,
2815,2,2,
2816,,0,
2817,2,2,
2818,,0,
2819,2,2,
2820,1,1,
2821,,0,
2822,,0,
2823,2,2,
2824,,0,
2825,,0,
2826,3,3,
2827,2,2,
2828,,0,
2829,,0,
2830,,0,
2831,1,1,
2832,,0,
2833,,0,
2834,1,1,
2835,,0,
2836,,0,
2837,,0,
2838,,0,
2839,,0,
2840,,0,
2841,,0,
2842,,0,
2843,,0,
2844,1,1,
2845,,0,
2846,,0,
2847,,0,
2848,,0,
2849,,0,
2850,1,1,
2851,,0,
2852,,0,
2853,,0,
2854,,0,
2855,,0,
2856,,0,
2857,1,1,
2858,1,1,
2859,1,1,
2860,1,1,
2861,1,1,
2862,1,1,
2863,1,1,
2864,,0,
2865,2,2,
2866,1,1,
2867,,0,
2868,,0,
2869,,0,
2870,1,1,
2871,,0,
2872,,0,
2873,1,1,
2874,,0,
2875,,0,
2876,1,1,
2877,,0,
2878,1,1,
2879,,0,
2880,1,1,
2881,,0,
2882,1,1,
2883,,0,
2884,1,1,
2885,1,1,
2886,1,1,
2887,,0,
2888,1,1,
2889,1,1,
2890,,0,
2891,,0,
2892,,0,
2893,,0,
2894,,0,
2895,1,1,
2896,,0,
2897,1,1,
2898,,0,
2899,,0,
2900,,0,
2901,,0,
2902,,0,
2903,,0,
2904,,0,
2905,,0,
2906,,0,
2907,,0,
2908,,0,
2909,,0,
2910,,0,
2911,,0,
2912,2,2,
2913,2,2,
2914,,0,
2915,1,1,
2916,,0,
2917,,0,
2918,,0,
2919,1,1,
2920,,0,
2921,,0,
2922,,0,
2923,,0,
2924,,0,
2925,,0,
2926,,0,
2927,,0,
2928,,0,
2929,,0,
2930,,0,
2931,,0,
2932,,0,
2933,1,1,
2934,,0,
2935,,0,
2936,,0,
2937,,0,
2938,,0,
2939,,0,
2940,,0,
2941,,0,
2942,,0,
2943,,0,
2944,1,1,
2945,,0,
2946,,0,
2947,,0,
2948,1,1,
2949,,0,
2950,,0,
2951,,0,
2952,,0,
2953,,0,
2954,1,1,
2955,1,1,
2956,1,1,
2957,,0,
2958,,0,
2959,,0,
2960,,0,
2961,,0,
2962,,0,
2963,,0,
2964,,0,
2965,,0,
2966,1,1,
2967,,0,
2968,,0,
2969,1,1,
2970,,0,
2971,,0,
2972,1,1,
2973,,0,
2974,,0,
2975,,0,
2976,1,1,
2977,,0,
2978,,0,
2979,,0,
2980,,0,
2981,1,1,
2982,,0,
2983,,0,
2984,,0,
2985,,0,
2986,,0,
2987,,0,
2988,1,1,
2989,1,1,
2990,,0,
2991,,0,
2992,,0,
2993,,0,
2994,,0,
2995,,0,
2996,,0,
2997,1,1,
2998,,0,
2999,,0,
3000,1,1,
3001,,0,
3002,,0,
3003,,0,
3004,,0,
3005,,0,
3006,,0,
3007,,0,
3008,1,1,
3009,,0,
3010,,0,
3011,,0,
3012,,0,
3013,,0,
3014,,0,
3015,,0,
3016,,0,
3017,,0,
3018,,0,
3019,,0,
3020,1,1,
3021,,0,
3022,1,1,
3023,,0,
3024,,0,
3025,,0,
3026,1,1,
3027,,0,
3028,,0,
3029,,0,
3030,,0,
3031,,0,
3032,,0,
3033,,0,
3034,,0,
3035,1,1,
3036,,0,
3037,,0,
3038,,0,
3039,,0,
3040,2,2,
3041,,0,
3042,,0,
3043,,0,
3044,,0,
3045,,0,
3046,,0,
3047,1,1,
3048,,0,
3049,1,1,
3050,,0,
3051,,0,
3052,,0,
3053,,0,
3054,,0,
3055,,0,
3056,,0,
3057,,0,
3058,,0,
3059,,0,
3060,,0,
3061,,0,
3062,,0,
3063,,0,
3064,,0,
3065,,0,
3066,,0,
3067,,0,
3068,,0,
3069,,0,
3070,,0,
3071,,0,
3072,,0,
3073,,0,
3074,,0,
3075,,0,
3076,,0,
3077,,0,
3078,,0,
3079,,0,
3080,,0,
3081,,0,
3082,,0,
3083,,0,
3084,,0,
3085,,0,
3086,,0,
3087,,0,
3088,,0,
3089,,0,
3090,,0,
3091,,0,
3092,,0,
3093,,0,
3094,,0,
3095,,0,
3096,,0,
3097,,0,
3098,,0,
3099,1,1,
3100,,0,
3101,,0,
3102,,0,
3103,,0,
3104,,0,
3105,,0,
3106,3,3,
3107,2,2,
3108,8,8,
3109,16,16,
3110,9,9,
3111,8,8,
3112,9,9,
3113,6,6,
3114,3,3,
3115,,0,
3116,1,1,
3117,,0,
3118,,0,
3119,,0,
3120,,0,
3121,,0,
3122,,0,
3123,,0,
3124,,0,
3125,,0,
3126,,0,
3127,1,1,
3128,,0,
3129,,0,
3130,,0,
3131,,0,
3132,,0,
3133,,0,
3134,,0,
3135,,0,
3136,,0,
3137,,0,
3138,,0,
3139,,0,
3140,,0,
3141,,0,
3142,,0,
3143,,0,
3144,,0,
3145,,0,
3146,,0,
3147,,0,
3148,,0,
3149,,0,
3150,,0,
3151,,0,
3152,,0,
3153,,0,
3154,,0,
3155,,0,
3156,,0,
3157,,0,
3158,,0,
3159,,0,
3160,,0,
3161,1,1,
3162,,0,
3163,,0,
3164,,0,
3165,,0,
3166,,0,
3167,,0,
3168,,0,
3169,,0,
3170,,0,
3171,,0,
3172,,0,
3173,,0,
3174,,0,
3175,,0,
3176,,0,
3177,,0,
3178,,0,
3179,,0,
3180,,0,
3181,,0,
3182,,0,
3183,,0,
3184,,0,
3185,,0,
3186,,0,
3187,,0,
3188,,0,
3189,,0,
3190,,0,
3191,,0,
3192,,0,
3193,,0,
3194,,0,
3195,,0,
3196,,0,
3197,,0,
3198,,0,
3199,,0,
3200,,0,
3201,,0,
3202,,0,
3203,,0,
3204,,0,
3205,,0,
3206,,0,
3207,,0,
3208,,0,
3209,,0,
3210,,0,
3211,,0,
3212,,0,
3213,,0,
3214,,0,
3215,,0,
3216,,0,
3217,,0,
3218,,0,
3219,,0,
3220,,0,
3221,,0,
3222,,0,
3223,,0,
3224,,0,
3225,,0,
3226,,0,
3227,,0,
3228,,0,
3229,,0,
3230,,0,
3231,,0,
3232,,0,
3233,,0,
3234,,0,
3235,,0,
3236,,0,
3237,,0,
3238,,0,
3239,,0,
3240,,0,
3241,1,1,
3242,,0,
3243,,0,
3244,,0,
3245,,0,
3246,,0,
3247,,0,
3248,,0,
3249,,0,
3250,,0,
3251,,0,
3252,,0,
3253,,0,
3254,,0,
3255,,0,
3256,,0,
3257,,0,
3258,,0,
3259,,0,
3260,,0,
3261,,0,
3262,,0,
3263,,0,
3264,,0,
3265,,0,
3266,,0,
3267,,0,
3268,,0,
3269,,0,
3270,,0,
3271,,0,
3272,,0,
3273,,0,
3274,,0,
3275,,0,
3276,,0,
3277,,0,
3278,,0,
3279,,0,
3280,,0,
3281,,0,
3282,,0,
3283,,0,
3284,,0,
3285,,0,
3286,,0,
3287,,0,
3288,,0,
3289,,0,
3290,,0,
3291,1,1,
3292,,0,
3293,,0,
3294,,0,
3295,,0,
3296,,0,
3297,,0,
3298,,0,
3299,,0,
3300,,0,
3301,,0,
3302,,0,
3303,,0,
3304,,0,
3305,,0,
3306,,0,
3307,,0,
3308,,0,
3309,,0,
3310,,0,
3311,,0,
3312,,0,
3313,,0,
3314,,0,
3315,,0,
3316,,0,
3317,,0,
3318,,0,
3319,,0,
3320,,0,
3321,,0,
3322,,0,
3323,,0,
3324,,0,
3325,,0,
3326,,0,
3327,,0,
3328,,0,
3329,,0,
3330,,0,
3331,,0,
3332,,0,
3333,1,1,
3334,,0,
3335,,0,
3336,,0,
3337,,0,
3338,,0,
3339,,0,
3340,,0,
3341,,0,
3342,,0,
3343,,0,
3344,,0,
3345,,0,
3346,,0,
3347,,0,
3348,,0,
3349,,0,
3350,,0,
3351,,0,
3352,,0,
3353,,0,
3354,,0,
3355,,0,
3356,,0,
3357,,0,
3358,,0,
3359,,0,
3360,,0,
3361,,0,
3362,,0,
3363,,0,
3364,,0,
3365,,0,
3366,,0,
3367,,0,
3368,,0,
3369,,0,
3370,,0,
3371,,0,
3372,,0,
3373,,0,
3374,,0,
3375,,0,
3376,,0,
3377,,0,
3378,,0,
3379,,0,
3380,,0,
3381,,0,
3382,,0,
3383,,0,
3384,,0,
3385,,0,
3386,,0,
3387,,0,
3388,,0,
3389,,0,
3390,1,1,
3391,,0,
3392,1,1,
3393,,0,
3394,,0,
3395,,0,
3396,,0,
3397,,0,
3398,,0,
3399,,0,
3400,,0,
3401,,0,
3402,,0,
3403,,0,
3404,,0,
3405,,0,
3406,,0,
3407,,0,
3408,1,1,
3409,,0,
3410,,0,
3411,,0,
3412,1,1,
3413,,0,
3414,,0,
3415,,0,
3416,,0,
3417,,0,
3418,,0,
3419,,0,
3420,,0,
3421,,0,
3422,,0,
3423,,0,
3424,,0,
3425,,0,
3426,,0,
3427,,0,
3428,,0,
3429,,0,
3430,,0,
3431,,0,
3432,,0,
3433,,0,
3434,,0,
3435,,0,
3436,,0,
3437,,0,
3438,,0,
3439,,0,
3440,,0,
3441,,0,
3442,,0,
3443,,0,
3444,,0,
3445,,0,
3446,,0,
3447,,0,
3448,,0,
3449,,0,
3450,,0,
3451,,0,
3452,,0,
3453,,0,
3454,,0,
3455,,0,
3456,,0,
3457,,0,
3458,,0,
3459,,0,
3460,,0,
3461,,0,
3462,,0,
3463,,0,
3464,,0,
3465,,0,
3466,,0,
3467,,0,
3468,,0,
3469,,0,
3470,,0,
3471,,0,
3472,,0,
3473,,0,
3474,,0,
3475,,0,
3476,,0,
3477,,0,
3478,,0,
3479,,0,
3480,,0,
3481,,0,
3482,,0,
3483,,0,
3484,,0,
3485,,0,
3486,,0,
3487,,0,
3488,,0,
3489,,0,
3490,,0,
3491,,0,
3492,,0,
3493,,0,
3494,,0,
3495,,0,
3496,,0,
3497,,0,
3498,,0,
3499,,0,
3500,,0,
3501,,0,
3502,,0,
3503,,0,
3504,,0,
3505,,0,
3506,,0,
3507,,0,
3508,,0,
3509,,0,
3510,,0,
3511,,0,
3512,,0,
3513,,0,
3514,,0,
3515,,0,
3516,,0,
3517,,0,
3518,,0,
3519,,0,
3520,,0,
3521,,0,
3522,,0,
3523,,0,
3524,,0,
3525,,0,
3526,,0,
3527,,0,
3528,,0,
3529,,0,
3530,,0,
3531,,0,
3532,,0,
3533,,0,
3534,,0,
3535,,0,
3536,,0,
3537,,0,
3538,,0,
3539,,0,
3540,1,1,
3541,,0,
3542,,0,
3543,,0,
3544,,0,
3545,,0,
3546,,0,
3547,,0,
3548,,0,
3549,,0,
3550,,0,
3551,,0,
3552,,0,
3553,,0,
3554,,0,
3555,,0,
3556,,0,
3557,,0,
3558,,0,
3559,,0,
3560,,0,
3561,,0,
3562,,0,
3563,,0,
3564,,0,
3565,,0,
3566,,0,
3567,,0,
3568,,0,
3569,,0,
3570,,0,
3571,,0,
3572,,0,
3573,,0,
3574,,0,
3575,,0,
3576,,0,
3577,,0,
3578,,0,
3579,,0,
3580,,0,
3581,,0,
3582,,0,
3583,,0,
3584,,0,
3585,,0,
3586,,0,
3587,,0,
3588,,0,
3589,,0,
3590,,0,
3591,,0,
3592,,0,
3593,,0,
3594,,0,
3595,,0,
3596,,0,
3597,,0,
3598,,0,
3599,,0,
3600,,0,
3601,1,1,
3602,,0,
3603,,0,
3604,,0,
3605,,0,
3606,,0,
3607,,0,
3608,,0,
3609,,0,
3610,,0,
3611,,0,
3612,,0,
3613,,0,
3614,,0,
3615,,0,
3616,,0,
3617,,0,
3618,,0,
3619,,0,
3620,,0,
3621,,0,
3622,,0,
3623,,0,
3624,,0,
3625,,0,
3626,,0,
3627,,0,
3628,,0,
3629,,0,
3630,,0,
3631,,0,
3632,1,1,
3633,,0,
3634,,0,
3635,,0,
3636,,0,
3637,,0,
3638,,0,
3639,,0,
3640,,0,
3641,,0,
3642,,0,
3643,,0,
3644,,0,
3645,,0,
3646,,0,
3647,,0,
3648,,0,
3649,,0,
3650,,0,
3651,,0,
3652,,0,
3653,,0,
3654,,0,
3655,,0,
3656,,0,
3657,,0,
3658,,0,
3659,,0,
3660,,0,
3661,,0,
3662,,0,
3663,,0,
3664,,0,
3665,,0,
3666,1,1,
3667,,0,
3668,,0,
3669,,0,
3670,,0,
3671,,0,
3672,,0,
3673,,0,
3674,,0,
3675,,0,
3676,,0,
3677,,0,
3678,,0,
3679,,0,
3680,,0,
3681,,0,
3682,,0,
3683,,0,
3684,,0,
3685,,0,
3686,,0,
3687,,0,
3688,,0,
3689,,0,
3690,,0,
3691,,0,
3692,,0,
3693,,0,
3694,,0,
3695,,0,
3696,,0,
3697,,0,
3698,,0,
3699,,0,
3700,,0,
3701,,0,
3702,,0,
3703,,0,
3704,,0,
3705,,0,
3706,,0,
3707,,0,
3708,,0,
3709,,0,
3710,,0,
3711,,0,
3712,,0,
3713,,0,
3714,,0,
3715,1,1,
3716,,0,
3717,,0,
3718,,0,
3719,,0,
3720,1,1,
3721,,0,
3722,,0,
3723,,0,
3724,,0,
3725,,0,
3726,,0,
3727,,0,
3728,,0,
3729,,0,
3730,,0,
3731,,0,
3732,,0,
3733,,0,
3734,,0,
3735,,0,
3736,1,1,
3737,,0,
3738,,0,
3739,,0,
3740,,0,
3741,,0,
3742,,0,
3743,,0,
3744,,0,
3745,,0,
3746,,0,
3747,,0,
3748,,0,
3749,,0,
3750,,0,
3751,,0,
3752,,0,
3753,,0,
3754,,0,
3755,,0,
3756,,0,
3757,,0,
3758,,0,
3759,,0,
3760,,0,
3761,,0,
3762,,0,
3763,,0,
3764,,0,
3765,,0,
3766,,0,
3767,,0,
3768,,0,
3769,,0,
3770,1,1,
3771,1,1,
3772,,0,
3773,,0,
3774,,0,
3775,,0,
3776,,0,
3777,,0,
3778,,0,
3779,,0,
3780,,0,
3781,,0,
3782,,0,
3783,,0,
3784,,0,
3785,,0,
3786,,0,
3787,,0,
3788,,0,
3789,,0,
3790,,0,
3791,,0,
3792,,0,
3793,,0,
3794,,0,
3795,,0,
3796,,0,
3797,,0,
3798,,0,
3799,,0,
3800,,0,
3801,,0,
3802,,0,
3803,,0,
3804,,0,
3805,,0,
3806,,0,
3807,,0,
3808,1,1,
3809,,0,
3810,,0,
3811,,0,
3812,,0,
3813,,0,
3814,,0,
3815,,0,
3816,,0,
3817,,0,
3818,,0,
3819,,0,
3820,,0,
3821,,0,
3822,,0,
3823,,0,
3824,,0,
3825,,0,
3826,,0,
3827,,0,
3828,,0,
3829,,0,
3830,,0,
3831,,0,
3832,,0,
3833,,0,
3834,,0,
3835,,0,
3836,,0,
3837,,0,
3838,,0,
3839,,0,
3840,,0,
3841,,0,
3842,,0,
3843,,0,
3844,,0,
3845,,0,
3846,,0,
3847,,0,
3848,,0,
3849,,0,
3850,,0,
3851,,0,
3852,,0,
3853,,0,
3854,,0,
3855,,0,
3856,,0,
3857,,0,
3858,,0,
3859,,0,
3860,,0,
3861,,0,
3862,,0,
3863,,0,
3864,,0,
3865,,0,
3866,,0,
3867,,0,
3868,,0,
3869,,0,
3870,1,1,
3871,,0,
3872,,0,
3873,,0,
3874,,0,
3875,,0,
3876,,0,
3877,,0,
3878,,0,
3879,,0,
3880,,0,
3881,,0,
3882,,0,
3883,,0,
3884,,0,
3885,,0,
3886,,0,
3887,,0,
3888,,0,
3889,,0,
3890,,0,
3891,,0,
3892,,0,
3893,,0,
3894,,0,
3895,,0,
3896,,0,
3897,,0,
3898,,0,
3899,,0,
3900,,0,
3901,,0,
3902,,0,
3903,,0,
3904,,0,
3905,,0,
3906,,0,
3907,,0,
3908,,0,
3909,,0,
3910,,0,
3911,,0,
3912,,0,
3913,,0,
3914,,0,
3915,,0,
3916,,0,
3917,,0,
3918,,0,
3919,,0,
3920,,0,
3921,1,1,
3922,,0,
3923,,0,
3924,,0,
3925,,0,
3926,,0,
3927,,0,
3928,,0,
3929,,0,
3930,,0,
3931,,0,
3932,,0,
3933,,0,
3934,,0,
3935,,0,
3936,,0,
3937,,0,
3938,,0,
3939,,0,
3940,,0,
3941,,0,
3942,,0,
3943,,0,
3944,,0,
3945,,0,
3946,,0,
3947,,0,
3948,,0,
3949,,0,
3950,,0,
3951,,0,
3952,,0,
3953,,0,
3954,,0,
3955,,0,
3956,,0,
3957,,0,
3958,,0,
3959,,0,
3960,,0,
3961,,0,
3962,,0,
3963,,0,
3964,,0,
3965,,0,
3966,,0,
3967,,0,
3968,,0,
3969,,0,
3970,,0,
3971,,0,
3972,,0,
3973,,0,
3974,,0,
3975,,0,
3976,,0,
3977,,0,
3978,,0,
3979,,0,
3980,,0,
3981,,0,
3982,,0,
3983,,0,
3984,,0,
3985,,0,
3986,,0,
3987,,0,
3988,,0,
3989,,0,
3990,,0,
3991,,0,
3992,1,1,
3993,,0,
3994,,0,
3995,,0,
3996,,0,
3997,,0,
3998,,0,
3999,,0,
4000,,0,
4001,,0,
4002,,0,
4003,,0,
4004,,0,
4005,,0,
4006,,0,
4007,,0,
4008,,0,
4009,,0,
4010,,0,
4011,,0,
4012,,0,
4013,,0,
4014,,0,
4015,,0,
4016,,0,
4017,,0,
4018,,0,
4019,,0,
4020,,0,
4021,,0,
4022,,0,
4023,,0,
4024,,0,
4025,,0,
4026,,0,
4027,,0,
4028,,0,
4029,,0,
4030,,0,
4031,,0,
4032,,0,
4033,,0,
4034,,0,
4035,,0,
4036,,0,
4037,,0,
4038,,0,
4039,,0,
4040,,0,
4041,,0,
4042,,0,
4043,,0,
4044,,0,
4045,,0,
4046,,0,
4047,,0,
4048,,0,
4049,,0,
4050,,0,
4051,,0,
4052,,0,
4053,,0,
4054,,0,
4055,,0,
4056,,0,
4057,,0,
4058,,0,
4059,,0,
4060,,0,
4061,,0,
4062,,0,
4063,,0,
4064,,0,
4065,,0,
4066,,0,
4067,,0,
4068,,0,
4069,,0,
4070,,0,
4071,,0,
4072,,0,
4073,,0,
4074,,0,
4075,,0,
4076,,0,
4077,,0,
4078,,0,
4079,,0,
4080,,0,
4081,,0,
4082,,0,
4083,,0,
4084,,0,
4085,,0,
4086,,0,
4087,,0,
4088,,0,
4089,,0,
4090,,0,
4091,,0,
4092,,0,
4093,,0,
4094,,0,
4095,,0,
,,,